label,sent
neutral,말4 4 5 여호와의 크고 두려운 날이 이르기 전에 마지막 선지자 엘리야를 보내셔서 무너진 사도시대 예수그리스도의 복음을 복구 교회 연혁
neutral,영어로 쓰여진 지시문 좀 더 높은 고대그리스어 수준을 요구하는 연습문제의 지시문 포함 서문 문법용어를 제외하고는 대부분의 내용이 고대그리스어로 표기되었다
neutral,1964년 헤롯성전 건축의 예언 46년 하나님의 교회 설립 침례 수건문제 안식일 유월절 무교절 부활절 승천일 오순절 나팔절 대속죄일 초막절 마지막 늦은비 성령으로 말미암은 예수재림운동을 예수그리스도의 이름으로 모든 절기를 지킴
biased,2020년 6월 서울중앙지검 경제범죄형사부는 옵티머스 사무실 등 압수수색하는 과정에서 청와대와 정·관계 인사 20여 명의 실명이 적힌 옵티머스 내부 문건을 확보했다
biased,2012년 12월 대통령선거 18대 에서 이혁진은 문재인 당시 대선 후보의 금융정책 특보를 맡았다
neutral,하나님의 교회 예수증인회 가칭 새언약유월절 하나님의 교회 ncpcog
neutral,2 처음 교회에서 안상홍님께서 주기도문과 예수님의 이름으로 기도 올리는 기도 테잎사도바울 설교자 안상홍 1985년 1월 26일 설교 3
biased,하나님의교회 예수증인회는 안상홍이 설립한 대한민국의 신흥 종교이다
neutral,온라인으로 개설된 언어강좌로는 고대그리스어 라틴어 성서히브리어 아랍어 구어 현대표준아랍어 현대히브리어 콥틱어 고대시리아어가 있다
neutral,성전건축의 연수의 예언에 따라 1964년 하나님의 교회 예수 증인회를 설립하셨으며 침례 수건문제 안식일 유월절 무교절 부활절 승천일 오순절 나팔절 대속죄일 초막절 마지막 늦은비 성령으로 말미암은 예수재림운동을 예수님의 이름으로 모든 절기를 지키시고 예수님외에는 구원자가 없음을 전파하셨습니다
neutral,윤석열 총장을 보좌하는 대검찰청 참모진을 반년 만에 대거 교체해 지방으로 발령하면서 총장 힘 빼기 와 함께 논란이 되고 있는 검언 유착 수사를 정면돌파하겠다는 의지를 보인 것이다
biased,일례로 김진표 의원으로 의심되던 사람은 70년생 김진표 김수현 전 청와대 정책실장으로 의심되던 이는 여성이었다
neutral,2012년 4월 11일 실시된 제19대 국회의원 선거에서 이혁진은 민주통합당 현 더불어민주당 의 서울 서초갑 후보로 출마했다 낙선했다
neutral,국민의힘은 문재인 정부의 거대한 권력형 비리 사건이라고 주장하고 있다
neutral,그러나 고대그리스어 교재의 저자인 크리스토퍼 리코가 프랑스 오스트리아 네덜란드 스페인의 학자들로 구성된 팀과 함께 제작하였다는 것이 이 책이 갖고 있는 특징이다
neutral,특히 국제 통화 기금 imf 외환위기 극복을 이끌어 imf 해결사 라는 별명도 지니고 있다
neutral,2016년 이혁진은 강간치상 혐의로 기소돼 징역 2년 6개월에 집행유예 4년을 받았다
neutral,더불어민주당은 단순한 사기사건이지 문재인 정부의 거대한 권력형 비리 사건이 절대 아니라고 하지만 민주당 의원들 일부는 권력형 비리로 갈 우려를 하고 있다
biased,1985년 서울을 본부로 하는 하나님의교회 세계복음선교협회 당시 명칭 하나님의교회 안상홍증인회 와 부산을 본부로 하는 새언약 유월절 하나님의교회로 분파 되었다
neutral,2020년 코로나의 영향으로 20 단원으로 구성된 2권은 전자책으로 출판되었다
neutral,이전에는 고대 시리아어와 수메르어 또한 배울 수 있었다
neutral,시대별 구원자와 새이름이라는 교리로 구원자의 이름을 예수그리스도에서 안상홍 이름으로 바꿈 이 이후로 하나님의 교회 안상홍증인회 로 활동
neutral,이 문건에는 청와대 실장·비서관급 5명 더불어민주당 인사 7 8명을 포함해 정·관계 기업인 등 20여명이 등장한 것으로 전해졌다
neutral,이들은 옵티머스 내부 분쟁에 관여했거나 옵티머스 펀드 수익자로 참여한 걸로 기록됐다
biased,2020년 10월 대규모 펀드 환매중단으로 촉발된 이른바 라임 사태와 옵티머스 사태가 정국의 뇌관으로 떠오르고 있다
neutral,언제든지 틀린것이 있다면 수정하거나 삭제할 것입니다
biased,2013년 이혁진 대표의 횡령·배임 의혹이 불거지기도 했다
neutral,처음 교회에서 안상홍이 주기도문과 예수그리스도의 이름으로 기도드리는 설교테잎 사도바울 설교자 안상홍 1985년 1월 26일 설교 3
neutral,고대그리스어 교재에서 등장하는 등장하는 인물들 몇 명과 몇 개의 담화주제가 본 교재에도 담겨있다
neutral,1985년 다윗의 위 37년 선지자엘리야 안상홍 운명
neutral,옵티머스발 환매중단 도미노 우려 라는 제목의 기사가 나왔다
neutral,시대별 구원자와 새이름이라는 교리로 구원자의 이름을 예수그리스도에서 안상홍 이름으로 바꿈 이 이후로 하나님의 교회 안상홍증인회로 활동 당부의 말씀 세계선교복음협회어머니하나님의 교회분들에게 당부의 말씀을 전합니다
biased,문재인 대통령이 16일 한국방송통신전파진흥원 한국전력 등 일부 공공기관이 권력형 비리게이트로 번지고 있는 옵티머스 자산운용 펀드에 투자했다는 언론 보도와 관련해 철저한 진상 파악을 지시했다
neutral,이진아 전 청와대 민정수석실 행정관은 2019년 10월 청와대에 근무하기 직전까지 선박 부품 제조 업체 해덕파워웨이의 사외이사로 있었다
neutral,2012년 제18대 대통령 선거 당시 이혁진은 문재인 당시 대선 후보의 금융정책 특보를 맡았다
biased,민주당은 단순한 사기사건이지 문재인 정부의 거대한 권력형 비리 사건이 절대 아니라고 하지만 민주당 의원들 일부는 권력형 비리로 갈 우려를 하고 있다
biased,2020년 7월 4일 검찰이 김재현 옵티머스 대표를 구속했다
biased,하지만 쉽게 움직이지 않을 거물급들이라고 소개된 사람들은 전부 동명이인이었다
neutral,2019년 1월 15일 금융감독원은 70억 원대 횡령 혐의로 이혁진 전 대표를 검찰에 수사 의뢰했다
neutral,옵티머스자산운용은 증권사 등의 펀드 가입권유를 통해 투자자 2900여명으로 부터 1조 2000억원을 모은 뒤 안정적인 정부채권에 투자한다고 투자자들을 속이고 실제로는 조폭이 사장인 부실기업 채권에 투자했다가 5500억원을 손실봤다
neutral,2017년 7월 av자산운용에서 옵티머스자산운용으로 사명을 변경했다
neutral,코로나19로 인한 세계적 변화는 폴리스 교수법이 온라인 영상 강의를 통해서도 학습효과가 있는지의 여부를 실험해 볼 수 있는 기회를 제공했다
neutral,진리책자 전부 교리 요람 원본 열람 2
neutral,2020년 6월 22일 제2 라임사태로 번지나
neutral,친문재인정부 인사로 꼽히는 조남관 법무부 검찰국장 역시 고검장으로 승진해 대검 차장에 선임됐다
biased,이혁진 대표는 신영증권 씨티글로벌마켓증권 마이에셋자산운용 cj자산운용 등에서 근무했다
neutral,옵티머스 사태에서 나오는 인물들은 문재인 대통령이 직접 나서지 않으면 쉽게 움직이지 않을 거물급들이며 한두개도 아니고 수많은 공공기관이 등장하고 있기 때문이다
neutral,개교이래 처음으로 본 기관은 성공적으로 온라인 언어강좌를 개설하면서 학생들에게 긍정적인 반응을 얻었다
neutral,이진아 전 청와대 민정수석실 행정관은 옵티머스 회사의 지분 9
neutral,그리고 고전언어 문화 언어학습 교수법 언어와 언어학습의 역사와 같은 분야에 관련된 연구보고도 발행하고 있다
neutral,수사를 지휘하는 이성윤 서울중앙지검장을 유임시키고 수사 담당인 이정현 1차장을 대검 공공형사부장으로 승진시킨 것이 대표적이다
neutral,세계선교복음협회 1984년도에 어머니하나님을 세우는 과정 주장 1984년 4월 15일 서울 동부예식장에서 유월절을 지키고 그후 10일뒤에 강동 예식장에서 특별제자를 모아놓고 신부사진 찍고 어머니하나님을 세워 주었다고 함 그런데 안상홍은 마지막 1985년 돌아가시기까지 예수그리스도의 이름으로 절기지킴 1년동안 어머니하나님은 언급되지 않음 1985년이후 안상홍 사후 교리가 바뀜 1
neutral,어머니하나님 없다는 것을 증거한 기록 남김 새 예루살렘과 여자들의 수건문제 해석 저자 안상홍 설교테잎설교자 안상홍 사도바울 여자 미혹 언약
biased,옵티머스 자산운용은 증권사 등의 펀드 가입권유를 통해 투자자 2900여명으로 부터 1조 2000억원을 모은 뒤 안정적인 정부채권에 투자한다고 투자자들을 속이고 실제로는 조폭이 사장인 부실기업 채권에 투자했다가 5500억원을 손실봤다
biased,2012년 4월 총선에서 이혁진은 민주통합당 현 더불어민주당 의 서울 서초갑 후보로 출마했다 낙선했다
neutral,출처 1 진리책자 전부 교리 요람 원본 열람
neutral,성경에는 여자하나님이 없다는 말씀 설교테잎 여자 미혹 언약 설교자 안상홍
biased,옵티머스 펀드에 진영 행정안전부 장관이 투자했던 것으로 확인됐다
neutral,문재인 대통령이 16일 한국방송통신전파진흥원 한국전력 등 일부 공공기관이 권력형 비리게이트로 번지고 있는 옵티머스자산운용 펀드에 투자했다는 언론 보도와 관련해 철저한 진상 파악을 지시했다
neutral,2020년 6월 검찰은 청와대와 정·관계 인사 20여명의 실명이 적힌 옵티머스 내부의 대책 문건 을 확보하였다
neutral,12단원으로 구성된 레벨1 교재는 프랑스어 editions du cerf 2009 이탈리어 edizioni san paolo 2010 독일어 helmut buske 2011 로 먼저 출간이 되었다
biased,5000억원대 펀드 환매중단 사태가 벌어진 옵티머스자산운용 펀드 중 약 80 를 nh투자증권이 판매했다
neutral,수사팀이 압수수색으로 찾은 이 문건은 김재현 구속 기소 옵티머스 대표가 작성했다
neutral,2020년 6월 이진아 청와대 민정수석실 행정관 36세 사법연수원 41기 는 옵티머스에 대한 검찰의 압수수색 직후 청와대에 사표를 냈다
biased,변호사인 이진아 전 행정관은 2019년 10월 청와대에 근무하기 직전까지 선박 부품 제조 업체 해덕파워웨이 의 사외이사로 있었다
neutral,특히 이 전 행정관의 남편인 윤석호 변호사 43세 사법연수원 41기 구속 는 옵티머스자산운용의 이사이자 옵티머스 관련 업무를 전담한 법무법인 한송의 대표 변호사였다
neutral,9월 25일 오전 북한은 통지문을 통해 김정은 북한 국무위원장이 25일 북한군의 어업지도원 총격 사망사건에 관해 뜻밖의 불미스러운 일이 발생해 문재인 대통령과 남녘 동포들에게 커다란 실망감을 준 데 대단히 미안하게 생각한다 고 밝혔다
biased,2009년 4월 이혁진 대표는 에스크베리타스자산운용을 설립했다
neutral,고전언어로는 고대그리스어 성서히브리어 라틴어 보하이라어 bohairic coptic 가 있고 현대언어로는 현대히브리어 ulpan 아랍어 구어 현대표준아랍어가 있다
neutral,게다가 본 교재는 고대그리스어로 가사가 쓰여진 일곱개의 곡조 폴리스 공식 홈페이지에서 확인할 수 있다 를 포함한다
neutral,다윗의 위 37년이 마치는 1985년에운명 하셨으며 이후 어머니하나님의 교리를 세워서 지키는 하나님의 교회 세계복음선교협회 가칭 하나님의 교회 안상홍 증인회 와 예수님과 사도들이 지키신대로 예수님의 이름으로 3차7개절를 그대로 지키는 하나님의 교회 예수증인회 가칭 새언약유월절 하나님의 교회 로 나뉘어 내려오고 있음 어머니하나님 복음이 없다는 것은 새 예루살렘과 여자들의 수건문제 해석 저자 안상홍 설교테잎설교자 안 상홍 사도바울 여자 미혹 언약
neutral,본 기관은 자체적인 출판사를 가지고 있는데 이를 통해 폴리스 교수법을 홍보하고 소개하는 책들을 출판하고 있다
neutral,당시 에스크베리타스자산운용은 이혁진 대표를 20억원 규모 횡령과 배임 혐의로 고발하고 이사회를 열어 해임을 시도했다
neutral,안상홍 이름으로 기도와 절기를 지킴 1984년 4월 15일 서울 동부예식장에서 유월절을 지키고 그후 10일뒤에 강동 예식장에서 특별제자를 모아놓고 신부사진 찍고 어머니하나님을 세워 주었다고 함 그런데 안상홍은 마지막 1985년 돌아가시기까지 예수그리스도의 이름으로 절기지킴 1년동안 어머니하나님은 언급되지 않음 1985년이후 안상홍 사후 교리가 바뀜 1
neutral,이혁진은 신영증권 씨티글로벌마켓증권 마이에셋자산운용 cj자산운용 등에서 근무했다
biased,특히 국제통화기금 imf 외환위기 극복을 이끌어 imf 해결사 라는 별명도 지니고 있다
neutral,아직도 모르겠느냐 하나님 예수님 따위는 네 뇌내망상에 불과하다
neutral,말4 4 5 여호와의 크고 두려운 날이 이르기 전에 마지막 선지자 엘리야를 보내셔서 무너진 사도시대 예수그리스도의 복음을 복구
neutral,2020년 10월 26일 국회 행정안전부 국정감사에서 진영 행정안전부 장관은 올해 2월 본인과 배우자 및 아들 이름으로 nh투자증권이 판매한 옵티머스 펀드에 총 6억원을 투자했다
neutral,고대그리스어 교재를 출판하면서 얻은 영감과 경험을 바탕으로 2017년 출간되었다
neutral,2009년 11월 18일 금융위원회는 제21차 정례회의에서 에스크베리타스자산운용이 신청한 금융투자업을 인가했다고 밝혔다
neutral,출판 1960년 1월 5일 «라오디게아 교회에 보내는 기별 초판» 발행 1964년 2월 «예수재림의 길을 예비하라» 발행 1966년 7월 «하나님의 인치는 천사» 발행 1967년 월 일 «천사세계에서 온 손님들» 발행 1971년 2월 «성경이 가르치는 음식문제» 발행 1972년 9월 15일 «하나님의 교 예수증인회 교리요람» 발행 1973년 4월 «새언약과 옛언약» 발행 1973년 10월 «엘리야와 마지막 교회» 발행 1976년 3월 «하나님의 마지막 약속의 자손» 발행 1976년 4월 «선안과 복음» 발행 1978년 2월 일 «성부 성자 성령 성삼위일체» 발행 1978년 11월 25일 «하나님의 비밀» 발행 1979년 3월 «일곱재앙과 하나님의 인» 발행 1979년 6월 «성서설교집 1권» 발행 1980년 12월 30일 «하나님의 비밀과 생명수의 샘» 발행 1982년 6월 «성서설교집 2권 다니엘과 요한계시록 연구» 발행 1982년 7월 «새언약의 복음» 발행 1983년 7월 «신부문제와 수건문제의 해석과 해설» 발행 1983년 10월 20일 «새예루살렘과 신부 여자들의 수건문제 해석» 발행 1984년 2월 «최후의 재앙을 면할 수 있는 것은 유월절 어린양의 피 곧 하나님의 인이다» 발행 1984년 3월 10일 «하나님께 제사드리는 규례와 법도» 발행 1984년 12월 «침례에 대한 원식» 발행 1985년 2월 «초대 교회 역사속의 진리» 발행 1985년 2월 «신랑이 더디오므로 다 졸며잘새» 발행 집필과 전도활동 후
neutral,아론 뎀스키 마리아 비토리아 토니에티 에밀 푸에흐 오를리 골드와서 파스칼 베르너스 크피스토퍼 리코 클로틸데 폰테코르보 프랑카 로시가 기여했다
neutral,본 교재는 철저히 폴리스 교수법의 핵심인 언어 홍수법에 기반하여 개발되었다
neutral,2020년 10월 옵티머스 사태와 연관된 해덕파워웨이가 상장폐지 되어 1만여명의 소액주주가 피해를 봤다
neutral,저자에 의하면 본 라틴어 교재는 현대언어학습에서 쓰이는 주요한 방법들을 고전언어에 접목시킨 폴리스 교수법을 라틴어 학습에 활용한 첫 번째 책이다
biased,2020년 6월 nh투자증권이 서울중앙지검에 옵티머스 임직원을 사기 등 혐의로 고발한 사건은 조사1부 당시 부장검사 오현철 에 배당됐다
neutral,com는 말4 4 5 여호와의 크고 두려운 날이 이르기 전게 마지막 선지자 엘리야를 보내셔서 무너진 사도시대 예수님의 복음을 복구하신다는 예언따라 안상홍님께서 다윗의 위로 오려서 1948
biased,25일 오전 북측은 통지문을 통해 김정은 북한 국무위원장이 25일 북한군의 어업지도원 총격 사망사건에 관해 뜻밖의 불미스러운 일이 발생해 문재인 대통령과 남녘 동포들에게 커다란 실망감을 준 데 대단히 미안하게 생각한다 고 밝혔다
neutral,부디 본인들의 주장이 맞다면 단순히 삭제신청이나 강제로 본인들 교회어머니하나님의 교회로 링크시키는 행동말고 본인들의 교회의 주장이 맞는 근거자료를 제시하여 토론에 임해주시기를 바랍니다
biased,당시 에스크베리타스운용은 이 대표를 20억원 규모 횡령과 배임 혐의로 고발하고 이사회를 열어 해임을 시도했다
neutral,예수그리스도외에는 구원자가 없음을 전파 1960년 1월 5일 «라오디게아 교회에 보내는 기별 초판» 발행 1964년 2월 «예수재림의 길을 예비하라» 발행 1966년 7월 «하나님의 인치는 천사» 발행 1967년 월 일 «천사세계에서 온 손님들» 발행 1971년 2월 «성경이 가르치는 음식문제» 발행 1972년 9월 15일 «하나님의 교 예수증인회 교리요람» 발행 1973년 4월 «새언약과 옛언약» 발행 1973년 10월 «엘리야와 마지막 교회» 발행 1976년 3월 «하나님의 마지막 약속의 자손» 발행 1976년 4월 «선안과 복음» 발행 1978년 2월 일 «성부 성자 성령 성삼위일체» 발행 1978년 11월 25일 «하나님의 비밀» 발행 1979년 3월 «일곱재앙과 하나님의 인» 발행 1979년 6월 «성서설교집 1권» 발행 1980년 12월 30일 «하나님의 비밀과 생명수의 샘» 발행 1982년 6월 «성서설교집 2권 다니엘과 요한계시록 연구» 발행 1982년 7월 «새언약의 복음» 발행 1983년 7월 «신부문제와 수건문제의 해석과 해설» 발행 1983년 10월 20일 «새예루살렘과 신부 여자들의 수건문제 해석» 발행 1984년 2월 «최후의 재앙을 면할 수 있는 것은 유월절 어린양의 피 곧 하나님의 인이다» 발행 1984년 3월 10일 «하나님께 제사드리는 규례와 법도» 발행 1984년 12월 «침례에 대한 원식» 발행 1985년 2월 «초대 교회 역사속의 진리» 발행 1985년 2월 «신랑이 더디오므로 다 졸며잘새» 발행
biased,이 행정관은 옵티머스 회사의 지분 9
neutral,옵티머스가 기업사냥을 할 때 자금세탁용으로 세운 페이퍼컴퍼니 셉틸리언은 이진아 변호사가 50 김재현 옵티머스자산운용 대표의 아내인 윤모씨가 50 로 주식을 보유했다
biased,양향자의원의 발언도 만약 민주당 내 옵티머스 연루자가 나올 경우 책임지게 될 것이란 원론적인 발언을 한 것이다
neutral,수개월의 온라인 강의 경험과 지식을 통해 언어 홍수법과 언어발달역동에 관련된 학습기법들을 온라인 수업에 맞게 개편하였다
neutral,원금의 손실이 막대하여 옵티머스자산운용은 결국 환매중단 사태를 일으켰다
neutral,옵티머스 펀드의 약 80 를 nh투자증권이 판매했다
neutral,계속적인 본인교회로 링크편집을하고 있는 것이 위키백과의 역사백업에 자세히 기록되고 있고 또한 명백한 사실과 출처를 밝히고 교회의 시작과 분파를 밝히고 있음에도 본인들의 교회에 다르다고하여 본인의 논거에 해당하는 자료나 증거를 제시하지 않은채 삭제신청 또한 계속적으로 행하고 있어 부탁을 드립니다
neutral,2013년 이혁진 대표의 횡령·배임 의혹이 불거졌다
neutral,비슷한 시기에 먼저 발생된 라임 사태와 비교하면 라임 사태는 처음에는 실적이 좋았다가 나중에 망한 사건이고 옵티머스 사태는 처음부터 투자자를 속이고 조폭 회사에 투자해 5천억원을 날린 사건이다
neutral,양향자도 만약 민주당 내 옵티머스 연루자가 나올 경우 책임지게 될 것이란 원론적인 발언을 하였다
neutral,검언 유착 수사를 맡았던 검사와 문재인 정부와 코드를 맞춘 검사들이 대거 승진했다
neutral,그리고 2015년에 20단원으로 개편된 영어판이 학생용과 교사용으로 나뉘어 제작되었다
neutral,진영 장관 본인이 1억원 진영 장관 아내와 아들이 각각 3억원 2억원을 투자했다고 한다
neutral,이러한 문제를 타개하기 위해 본 기관은 즉각적으로 온라인 강의를 개설하였다
neutral,크리스토퍼 리코와 클라우디아 아투치의 편집을 거쳐 영어와 프랑스어로 출간된 이 책은 문자의 기원과 관련된 주요 요소들과 사건들에 관해 여러 학자들이 일치된 의견을 가지고 있음을 제시한다
neutral,polis speaking greek as a living language 는 폴리스 출판에서 처음 발행한 영어판 교재이다
neutral,각 단원에서 소개되는 담화와 본문은 폴리스 교수인 언어학자 크리스토퍼 리코 christophe rico 가 그림은 포 모랄레스 pau morales 가 창안하였다
neutral,에스크베리타스자산운용이 인가받은 금융투자업의 종류는 집합투자업이며 취급하는 금융투자상품의 유형은 부동산 집합투자기구로 이 부문에 특화·전문화된 업무영역을 구축하고자 하는 것이라고 설명했다
biased,따라서 국민의힘은 문재인 정부의 거대한 권력형 비리 사건이라고 주장하지만 청와대와 민주당은 부인하고 있다
biased,2017년 7월 이혁진이 옵티머스 자산운용 대표에서 사임한 뒤 미국으로 출국했고 2020년 현재는 미국 캘리포니아주 샌프란시스코 일대에서 김치 판매·배달 사업을 하고 있다
neutral,2020년 8월 7일 추미애 법무부 장관이 친정부·호남 출신 검사장들로 윤석열 검찰총장을 고립시키는 인사를 단행했다
neutral,이러한 변화는 폴리스가 전세계에 온라인 이론강좌 theoretical courses 또한 개설할 수 있는 가능성을 제시했다
neutral,이와 관련 진영 장관은 지난 16일 안정적인 상품이라는 설명을 듣고 단순 투자한 것 이라며 저도 손실이 커 피해자 라고 해명했다
biased,검찰은 이 전 대표에 대해 기소중지 처분을 내렸다
neutral,그렇지만 단순히 본인의 교단과 다르다고해서 지속적으로 글을 훼방하는 것은 토론의 취지에 맞지 않는것 같습니다
biased,로비 대상자로는 이재명 경기도지사와 이낙연 민주당 대표 등이 거론된다
neutral,즉 2013년 2월부터 2017년 3월까지 총 423회에 걸쳐 회사 계좌에서 개인 계좌로 자금을 이체해 개인용도로 사용하는 등 70억여 원을 횡령한 혐의 등을 받았다
neutral,com 교회 연혁 1948년 다윗의 위 안상홍 침례 1964년 헤롯성전 건축의 예언 46년 하나님의 교회 설립 1985년 다윗의 위 37년 선지자엘리야 안상홍 운명 1985년분파 하나님의 교회 예수증인회가칭 새언약유월절 하나님의교회 와 하나님의교회 안상홍증인회세계선교복음협회로 분파 하나님의 교회 예수증인회는 선지자엘리야의 무너졌던 사도시대의 복음으로 37년동안 행하고 본을 보여주신 그대로 사도시대와같이 예수님의 이름으로 침례 수건문제 안식일 유월절와 3차 7개절기를 지키는 하나님의 교회로 변함없이 계속 내려오고 있음
neutral,글에 대한 무엇이 틀리고 맞는지에 대하여 토론을해야하는 것이 옳은 이치인데
biased,아직 정부에서는 정확한 옵티머스 투자자 개인별 손실률을 확정하지 못하고 있다
neutral,> 세계선교복음협회는 1984년도에 어머니하나님을 세우는 과정 주장 1984년도 4 15일 서울 동부예식장에서 유월절을 지키고 그후 10일뒤에 강동 예식장에서 특별제자를 모아놓고 신부사진 찍고 어머니하나님을 세워 주었다고 함 그런데 선지자엘리야는 마지막 1985년 돌아가시기까지 예수님의 이름으로 절기지킴 1년동안 어머니하나님은 언급되지 않음 1985년이후 선지엘리야 운명후 교리가 바뀌게 되었는데
biased,그러나 상당한 지분을 가졌던 신영증권이 이 전 대표의 손을 들어주면서 대표직을 지켰다
biased,2020년 6월 이진아 청와대 민정수석실 행정관 36세 사법연수원 41기 변호사 이 청와대에 사표를 냈다
biased,옵티머스 사태에서 나오는 인물들은 문재인 대통령이 직접 나서지 않으면 쉽게 움직이지 않을 거물급들이다
neutral,2020년 10월 8일 윤석열 검찰총장은 옵티머스 로비 의혹 철저하게 수사하라 고 지시하였다
biased,라임 사태는 사기가 아니라 처음에는 실적이 좋았다가 나중에 망한 사태고 옵티머스는 처음부터 투자자를 속이고 조폭 회사에 투자해 5천억원을 날린 사건이다
neutral,2015년 6월 30일 에스크베리타스자산운용에서 av자산운용으로 사명을 변경했다
neutral,나와 다르면 무조건 틀리다고 배척하고 없앨려고하는 행위는 자가당착에 빠지는 위험한 행동일수 있습니다
biased,특히 이 전 행정관의 남편인 윤석호 변호사 43세 사법연수원 41기 구속 는 옵티머스 자산운용의 이사이자 옵티머스 관련 업무를 전담한 법무법인 한송의 대표 변호사였다
biased,진영 장관 1억원 부인 2억원 아들 2억원이다
neutral,하나님의 교회 예수증인회는 가칭 새언약유월절 하나님의 교회 홈페이지 교회설립목적
neutral,하나님의교회 예수증인회는 가칭 새언약유월절 하나님의 교회 홈페이지
neutral,본 간행물은 폴리스 기관에서 주최했던 제 1회 학제간 학술대회에서 발표된 자료들을 모아 엮은 것이다
neutral,정규학기 동안 10 2월 폴리스는 고전언어와 현대언어 과정을 개설한다
neutral,2020년 11월 15일 라임 사태와 옵티머스 사태가 한뿌리일 수도 있다는 의혹이 제기되었다
neutral,2020년 3월부터 전세계적으로 코로나19가 유행하면서 폴리스에서도 대면강의가 제약을 받았다
neutral,2020년 10월 19일 이혁진은 여권과 연결된 게 아니라 사기사건 이라고 주장했다
neutral,하나님의교회 예수증인회 가칭 새언약유월절 하나님의교회 예수그리스도의 이름으로 기도하고 침례와 안식일 유월절 3차 7개절기를 지킴
neutral,그러나 상당한 지분을 가졌던 신영증권이 이혁진 전 대표의 손을 들어주면서 대표직을 지켰다
biased,다른 보도에서는 손실률이 80 라고 했다가 오보라며 정정했다
neutral,2018년 3월 22일 이혁진은 횡령·조세 포탈·상해·성범죄 등 5개 사건에 연루돼 검찰 조사를 받던 중 베트남으로 출국해 문재인 대통령의 베트남·아랍에미리트 uae 순방 일정을 따라다닌 뒤 잠적했다
neutral,2020년 6월 19일 nh투자증권이 서울중앙지검에 옵티머스 임직원을 사기 등 혐의로 고발한 사건은 조사1부 당시 부장검사 오현철 에 배당됐다
biased,이혁진 전 대표는 옵티머스 설립 초기 70억원대 회삿돈을 횡령한 혐의 등으로 입건됐으나 2018년 3월 수원지검 수사 도중 해외로 출국했다
biased,옵티머스가 기업사냥을 할 때 자금세탁용으로 세운 페이퍼컴퍼니 셉틸리언은 이진아 변호사가 50 김재현 옵티머스 자산운용 대표의 아내인 윤모씨가 50 로 주식을 보유했다
biased,한두개도 아니고 수많은 공공기관이 등장하고 있다
neutral,2020년 이혁진은 미국 캘리포니아주 샌프란시스코 일대에서 김치 판매·배달 사업을 하고 있다
neutral,2020년 7월 22일 검찰은 김재현 옵티머스자산운용 대표를 구속 기소했다
neutral,2020년 7월 22일 검찰은 김재현 옵티머스자산운용 대표를 구속 기소했다
neutral,가수 활동 와중에 군대에 가겠다는 발언을 몇 차례 했던 스티브 승준 유은 대구광역시 달서구 죽전동의 대구경북지방병무청 징병검사장에서 받았던 신체검사 결과 4급 판정으로 받아 사회복무요원으로 복무할 예정 이었다
neutral,병무청의 발언 이후에 스티브 승준 유는 아는지인을 통해 육군소장에게 입대가능한지에 대해 여부를 물었다고 해명했다
neutral,스티브 승준 유는 1976년 12월 15일 서울특별시 강남구 잠실동 현 송파구 잠실동 에서 아버지 유정대씨의 차남으로 태어났다
biased,유승준 劉承俊 1976년 12월 15일 은 대한민국과 중화인민공화국에서 활동해 온 한국계 미국인 가수 겸 배우이다
biased,대한민국 병무청에서는 아프리카 인터넷 tv 생방송에서 유승준이 말했던 2014년 7월에 입대문의를 했다는것도 거짓발언이며 작년에도 입대가 가능했다는 소식을 전했다
neutral,스티브 승준 유 劉承俊 1976년 12월 15일 은 대한민국과 중화인민공화국에서 활동해 온 한국계 미국인 가수 겸 배우이다
neutral,2001년 lg유플러스 2001년까지 국내에서 가수로서 그리고 각종 연예 프로그램과 광고 등에서 활발한 활동을 하던 스티브 승준 유는 2002년에 미국 시민권을 취득하면서 대한민국 국적을 상실했다
biased,병무청의 발언 이후에 유승준은 아는지인을 통해 육군소장에게 입대가능한지에 대해 여부를 물었다고 해명했다
biased,2007년 7집 《rebirth of ysj》 발매를 하면서 수익금 전액 사회환원과 같은 조치도 취하면서 국내 언론에 유승준에 대한 기사가 대두되기도 하고 중국에서 케이블 매체와 했던 눈물의 인터뷰가 방송되기도 하였으나 전반적인 국내의 여론은 냉담하였다
biased,유승준은 1976년생으로 기존법에의해 작년에도 재작년에도 입대가불가능 1980년 1월1일생 이후부터 바뀐법에 의해 만 37세까지 입대가능하다
neutral,중국서 제2의 인생 스티브 승준 유 연합뉴스
biased,2001년까지 국내에서 가수로서 그리고 각종 연예 프로그램과 광고 등에서 활발한 활동을 하던 유승준은 2002년에 미국 시민권을 취득하면서 대한민국 국적을 상실했다
biased,병무청 측근이 처음에는 작년에도 입대가능 했었다고 반박했지만 후에 위에 법대로 유승준은 작년 입대불가능을 인정했고 무엇보다 외국인이라 입대불가능이라고 선언했다
biased,결국 2002년 2월 2일 인천국제공항에서 유승준은 출입국 사무소의 출입국관리법상 제11조에 의거하여 입국이 금지되었다
biased,이 사건은 2002년 2월2일에 인천공항에서 유승준이대한민국 입국을 제지 당하면서 더욱 큰 이목을 불러일으켰다
neutral,2007년 7집 《rebirth of ysj》 발매를 하면서 수익금 전액 사회환원과 같은 조치도 취하면서 국내 언론에 스티브 승준 유에 대한 기사가 대두되기도 하고 중국에서 케이블 매체와 했던 눈물의 인터뷰가 방송되기도 하였으나 전반적인 국내의 여론은 냉담하였다
biased,가수 활동 와중에 군대에 가겠다는 발언을 몇 차례 했던 유승준은 대구광역시 달서구 죽전동의 대구경북지방병무청 징병검사장에서 받았던 신체검사 결과 4급 판정으로 받아 사회복무요원으로 복무할 예정 이었다
biased,유승준은 1976년 12월 15일 서울특별시 강남구 잠실동 현 송파구 잠실동 에서 아버지 유정대씨의 차남으로 태어났다
neutral,이 사건은 2002년 2월2일에 인천공항에서 스티브 승준 유이대한민국 입국을 제지 당하면서 더욱 큰 이목을 불러일으켰다
neutral,대한민국 병무청에서는 아프리카 인터넷 tv 생방송에서 스티브 승준 유가 말했던 2014년 7월에 입대문의를 했다는것도 거짓발언이며 작년에도 입대가 가능했다는 소식을 전했다
neutral,용서받지 못한 13년…스티브 승준 유 고백의 재구성 일문일답 노컷뉴스
biased,용서받지 못한 13년…유승준 고백의 재구성 일문일답 노컷뉴스
neutral,병무청 측근이 처음에는 작년에도 입대가능 했었다고 반박했지만 후에 위에 법대로 스티브 승준 유는 작년 입대불가능을 인정했고 무엇보다 외국인이라 입대불가능이라고 선언했다
neutral,결국 2002년 2월 2일 인천국제공항에서 스티브 승준 유는 출입국 사무소의 출입국관리법상 제11조에 의거하여 입국이 금지되었다
neutral,2001년 lg유플러스 2001년까지 국내에서 가수로서 그리고 각종 연예 프로그램과 광고 등에서 활발한 활동을 하던 유승준은 2002년에 미국 시민권을 취득하면서 대한민국 국적을 상실했다
neutral,스티브 승준 유는 1976년생으로 기존법에의해 작년에도 재작년에도 입대가불가능 1980년 1월1일생 이후부터 바뀐법에 의해 만 37세까지 입대가능하다
neutral,1997년 kbs 쇼 코미디 웃는날 좋은날 아름다운 청년 스티브 승준 유
biased,1997년 kbs 쇼 코미디 웃는날 좋은날 아름다운 청년 유승준
biased,1997년 kbs 쇼 코미디 웃는날 좋은날 아름다운 청년 유승준
neutral,钅는 완전한 희귀 성씨로 국내에 2015년 인구 센서스에서 처음 감지된 성씨이다
biased,《김씨 분관록》 작성시 후손들이 제출한 단자에는 시조가 김방경 金慶 이라 하였다
neutral,여진족이나 일본에서 조선에 귀화하여 김씨 성을 받은 기록도 있다
biased,울산 김씨 蔚山 金氏 시조 김덕지 金德摯 는 신라 경순왕의 왕자로 형 태자와 함께 고려 양국에 반대하다 뜻을 이루지 못하자 금강산에 입산하였다
neutral,나주 김씨 羅州 金氏 시조 김운발 金雲發 은 신라 경순왕의 후예다
neutral,울산 김씨 蔚山 金氏 시조 김덕지 金德摯 는 신라 경순왕 김부의 왕자로 이름은 사기 史記 에 전하지 않으나 《하서 김인후가장》·《김씨 분관록》·《증보문헌비고》등에 언급되어 있다
neutral,경주 김씨 직장공파 파조 김수구 金壽龜 는 상의원 직장 尙衣院 直長 을 역임하고 일파를 이루었다
neutral,김씨의 99 는 金이므로 이 문서에서는 지금부터 金씨만 다루도록 한다
neutral,원나라 때 일부 호족에게 김씨로 재본성하였다
neutral,김씨의 거의 대부분은 쇠 금 金 이지만 钅 琻 鍂 등을 성으로 쓰는 희귀 성씨도 존재한다
biased,경주 김씨 慶州 金氏 김은열 묘지명 에 의거하여 명종과 은열의 후손으로 계대한다
neutral,경주 김씨 판서공파 파조 김덕재 金德載 는 병조판서 兵曹判書 를 역임하고 일파를 이루었다
neutral,자유주의 신학은 성서를 인간의 이성 감정 경험으로 이해하였고 또한 도덕적이며 역사적이며 문화적인 관점에서 신학을 이해하였다
biased,경순왕이 고려에 항복 후 후배 後配 로 맞아들인 고려 태조의 첫째 딸 낙랑공주 왕씨와 아홉째 딸 공주 왕씨 의 후손들이 분파하여 일파 一派 를 형성하였다
neutral,막내아들 는 해인사에 입산 전 아들 김운발이 있었는데 나주 羅州 로 분적하였다고 한다
neutral,자유주의 신학의 대표적인 것으로 해방신학과 사신신학등이 있다
neutral,초나라 근 靳 도 진으로 발음되어 진 金 씨가 되었다고 믿어 지기도 한다
biased,최근 들어 일부 후손들이 비조 鼻祖 를 1784년 발견되었다는 《김은열 묘지명》에 나오는 경순왕 2자 김황 金湟 또는 김굉 金鍠 이라 하며 경순왕 막내아들과 동일인이라 한다
biased,따라서 여기에서는 상계를 가공하거나 미화시킨 족보류 등은 모두 배척 排斥 하고 1887년 각 씨족들이 제출한 수단 收單 을 바탕으로 편찬된 《김씨 분관록》 및 칙명으로 1908년 간행된 《증보문헌비고》와 1924년 윤창현이 간행한 《증보문헌비고》 등 역사적 문헌 文獻 을 바탕으로 본관 本貫 과 시조의 소목이 뚜렷한 100여본의 씨족 근원을 작성 하였다
neutral,중국어로 금 金 을 진 광둥어로는 금 金 을 감 또는 김으로 발음한다
neutral,경주 김씨 목사공파 파조 김소 金邵 는 목사 牧使 를 역임하고 일파를 이루었다
biased,우록 김씨 시조는 1592년 임진왜란 때 왜군으로 참전하였다가 조선에 귀화한 김충선 金忠善 이다
biased,오늘날해방신학 여성신학 흑인신학 민중신학 사신신학 세속화신학 등 급진적 신학이 자유주의 신학의 맥을 잇고 있다
neutral,경주 김씨 상호군공파 파조 김중약 金仲約 은 상호군 上護軍 을 역임하고 일파를 이루었다
neutral,복귀 첫 해에 12팀 중 하위권인 10위를 기록하였다
neutral,경주 김씨 내사령공파 파조 김예겸 金禮謙 은 경순왕의 후예로 고려 초 벽상공신 壁上功臣 내사령 內史令 을 역임하고 일파를 이루었다
neutral,다른 문헌에 영양 김씨의 시조는 고려조에 전서를 지낸 김윤철 金允轍 이다
neutral,상산 김씨 商山 金氏 시조 김수 金需 는 경순왕의 후예로 고려조 보윤 甫尹 을 지내고 상산 商山 으로 이적 移籍 하였다
neutral,남민 南敏 은 신라 여성과 결혼하고 영양으로 이거하여 영양 남씨를 창본하였다
biased,조선 후기 1784년 개성 어느 산기슭에서 발견되었다는 〈김은열 묘지명>에 따라 경순왕 1자 김일 金鎰 이 마의태자의 이름이라 하나 위 묘지명의 형식이나 내용상 경순왕 태자의 휘가 일 鎰 이라는 것은 단정할 수 없다
neutral,송나라 때 중국에 들어온 유태인들이 김 金 리 李 애 艾 장 张 씨 성을 등을 득성했다고 한다
neutral,이를 다시 신라국의 김알지를 시원으로 하는 경주 김씨계와 가락국의 수로왕을 시원으로 하는 김해 김씨계로 크게 나눌 수 있다
neutral,경순왕이 고려에 항복 후 후비로 맞아들인 고려 태조의 첫째 딸 낙랑공주 왕씨와 아홉째 딸 공주 왕씨 의 소생이라는 자손들이 분파하였다
biased,경주 김씨 목사공파 파조 목사 牧使 김소 金邵 는 경순왕의 후예로 일파를 이루었다
biased,경주 김씨 평장사공파 파조 평장사 平章事 김봉모 金鳳毛 는 경순왕의 후예로 일파를 이루었다
neutral,경주 김씨 평장사공파 파조 김봉모 金鳳毛 는 경순왕의 후예로 고려 신종 때 평장사 平章事 를 지내고 정평공 靖平公 시호를 받고 일파를 이루었다
biased,나주 김씨 羅州 金氏 시조는 김운발 金雲發 이다
neutral,부안 김씨 扶安 金氏 《증보문헌비고》·《조선씨족통보》등의 문헌에 시조 김경수 金景修 는 경순왕의 후예로 고려조에 호장 동정 戶長 同正 을 역임하였다
biased,또한 도덕적이며 역사적이며 문화적인 관점에서 신학을 이해하였다
biased,경주 김씨 태사공파 파조 태사 太師 김인관 金仁琯 은 경순왕의 후예로 일파를 이루었다
neutral,자유주의 신학은 진보주의 역사주의 인본주의를 강조하며 성서에 나오는 기적들을 이성과 자연의 원리 과학 심리학 등으로 해석하려고 하였다
neutral,신라 경덕왕은 김충 金忠 에게 남민 南敏 이라는 이름을 지어 주었다
neutral,중국에서는 이미 기원전 태고 때 소호가 김 金 씨였고 한나라 때 한 무제가 흉노족에게 김 金 씨 성을 사성했다고도 한다
neutral,김 金 의 중국 남방 지방 광둥어는 감 금이다
neutral,아들 김석중 金錫中 은 영양에 옮겨 정착하여 영양 김씨를 창본하였다
neutral,경주 김씨 태사공파 파조 김인관 金仁琯 은 헌강왕의 후예로 고려 예종 때 검교태자태사 檢校太子太師 를 역임하고 일파를 이루었다
biased,《증보문헌비고》·《조선씨족통보》등의 문헌에 따르면 김경수 金景修 는 경순왕의 후예로 고려조에 호장 동정 戶長 同正 을 역임하였다
neutral,초나라와 관련이 있는 오월의 전 錢 씨는 진와 유사하게 발음되고 뜻도 금과 같이 돈 황금 을 뜻하여 전류의 자손들이 김 金 으로 개성하였다
neutral,그러나 중국 기록에는 구체적으로 등장하지 않아 실존 인물인지는 알 수 없다
neutral,김해 김씨 시조는 1592년 임진왜란 때 왜군으로 참전하였다가 조선에 귀화한 김충선 金忠善 이다
biased,첫째는 후대에 마의를 입고 살았다 하여 마의태자라 하며 둘째는 문헌에 김덕지라 한다
biased,경주 김씨 상서공파 파조 상서 尙書 김여진 金麗珍 은 경순왕의 후예로 일파를 이루었다
neutral,91 출처 필요 93 혹칭 부령 김씨 扶寧 金氏 라고도 한다
neutral,여남 김씨 족보에는 6세기 동위 문무관 김응이 왕에게서 김씨 성을 받았다고 한다
biased,자유주의 신학자들은 성서를 인간의 이성 감정 경험으로 이해하였다
biased,경주 김씨 판도판서공파 파조 판도판서 版圖判書 김장유 金將有 는 경순왕의 후예로 일파를 이루었다
biased,일운 시조가 김일긍의 아버지 김숙승 金叔承 이라 한다
neutral,후한 말 인물 김위 김선은 김일제 후손이라고 전한다
neutral,따라서 여기에서는 상계를 가공하거나 미화시킨 족보류 등은 모두 배척 排斥 하고 각 씨족들이 제출한 수단 收單 을 바탕으로 1887년 편찬된 《김씨 분관록》 및 칙명으로 1908년 간행된 《증보문헌비고》와 1924년 윤창현이 간행한 《증보문헌비고》 등 역사적 문헌 文獻 을 바탕으로 본관 本貫 과 시조의 소목이 뚜렷한 100여본의 씨족 근원을 작성 하였다
biased,경주 김씨 판서공파 판서 김덕재 金德載 는 경순왕의 후예로 일파를 이루었다
biased,상산 김씨 商山 金氏 시조 김수 金需 는 경순왕의 후예로 보윤 甫尹 을 지내고 상산 商山 으로 이적 移籍 하였다
biased,경주 김씨 직장공파 직장 김수구 金壽龜 는 경순왕의 후예로 일파를 이루었다
biased,부령 부안 김씨 종중 내에 상계가 『경순왕 일 鎰 기로 箕輅 희보 希寶 경수 景修 』라는 의견과 태자 이후 경수 景修 사이의 선조가 불가고 不可考 라는 입장이 혼재한다
neutral,《삼국유사》에 신라 경순왕의 막내아들 계자 季子 는 머리를 깎고 화엄종 華嚴宗 에 들어가 승려가 되어 이름을 범공 梵空 이라 했는데 그 뒤로 법수·해인사에 머물렀다고 하였다
biased,그의 아버지는 신라 新羅 경순왕 敬順王 의 막내아들로 이름은 역사에 없는데 신라가 망한 뒤에 머리를 깎고 중이 되어 이름을 범공 梵空 이라 하고 해인사 海印寺 에 머물렀다가 죽었다고 한다
neutral,수원 김씨 水原 金氏 시조 김품언 金稟言 은 경순왕의 후예로 고려조에 수성군 隨城君 에 봉해져 수원 水原 으로 분적하였다
neutral,족보에 따르면 755년 동위 관리 김응 후손 김충 金忠 은 당나라 사신으로 일본에 다녀 오다가 경북 영덕에 표착하였다고 한다
neutral,한편 중국 홍콩 마카오 대만 등 중화권에는 琻 鍂 같은 다른 김씨가 존재한다
neutral,경주 김씨 慶州 金氏 신라 대보공 大輔公 김알지 金閼智 를 시조로 한다
neutral,경주 김씨 판도판서공파 파조 김장유 金將有 는 경순왕의 후예로 고려 말 판도판서 版圖判書 를 역임하고 일파를 이루었다
neutral,경주 김씨 장군공파 파조 김순웅 金順雄 은 경순왕의 후예로 고려 초 장군 將軍 을 역임하고 일파를 이루었다
biased,소호금천씨 少昊金天氏 의 후손 後孫 이라고 여긴다
biased,산으로 들어가기에 전서 아들 김운발 金雲發 을 두었는데 나주 羅州 로 분적하였다
neutral,한무제 어머니인 효경황후 왕지의 전 남편은 김 金 씨였다
neutral,이후 조선 후기 1784년 개성 어느 산기슭에서 발견되었다는 〈김은열 묘지명〉을 근거로 후손들이 시조를 경순왕의 8자 김추 金錘 로 소원 遡源 시켰다
biased,경주 김씨 상호군공파 상호군 김중약 金仲約 은 경순왕의 후예로 일파를 이루었다
biased,사기 史記 에 이름은 전하지 않으나 《하서 김인후 가장》·《김씨 분관록》·《증보문헌비고》등에 언급되어 있다
biased,수원 김씨 水原 金氏 시조 김품언 金稟言 은 경순왕의 후예로 수성군 隨城君 에 봉해져 수원 水原 으로 분적하였다
biased,그는 고려조에 삼별초 난를 평정하여 추충정난정원공신 推忠靖難定遠功臣 상락공 上洛公 에 봉해지고 안동 安東 을 식읍으로 받았으며 충렬공 忠烈公 의 시호가 내려지고 숭의전 崇義殿 에 배향되었다
biased,경주 김씨 호장공파 파조 호장 戶長 김위영 金魏英 은 경순왕의 후예로 일파를 이루었다
biased,대부분의 기독교 자유주의 신학자들은 진보주의 역사주의 인간중심주의를 따랐으며 성서에 나오는 기적들을 이성과 자연의 원리 과학 심리학 등으로 해명하려고 하였다
neutral,김 金 钅 琻 鍂 씨는 동아시아 성씨의 하나이다
neutral,이후 세보가 소실되어 영양 김씨는 김충황 金忠晃 을 1세조로 하였다
neutral,중국 태고 때 인물인 소호금천씨는 김 金 씨였다
neutral,아들 김춘 金春 이 부령부원군 扶寧府院君 에 봉 封 해해지고 김경수의 5세손 김구 金坵 는 문과에 급제하고 벼슬이 태보 太保 에 오르고 시호가 문정공 文貞公 으로 서원에 배향되었다
biased,경주 김씨 장군공파 파조 장군 將軍 김순웅 金順雄 은 경순왕의 후예로 일파를 이루었다
neutral,한국의 김 金 씨는 거의 대부분 신라 김씨 등 신라계와 김해 김씨 등 가야계에서 유래한다
biased,경주 김씨 내사령공파 파조 내사령 內史令 김예겸 金禮謙 은 경순왕의 후예로 일파를 이루었다
neutral,《김씨 분관록》에는 시조가 김방경 金方慶 이라 한다
biased,조선 후기 들어와서 1784년 개성 어느 산기슭에서 발견되었다는 〈김은열 묘지명〉을 근거로 후손들이 시조를 경순왕의 8자 김추 金錘 로 소원 遡源 시켰다
neutral,경주 김씨 호장공파 파조 김위영 金魏英 은 신라 종성 宗姓 으로 고려 초 호장 戶長 을 역임하고 일파를 이루었다
neutral,경주 김씨 상서공파 파조 김여진 金麗珍 은 고려조에 상서 尙書 를 역임하고 일파를 이루었다
neutral,최근 들어 일부 후손들이 조선 후기 1784년 개성 어느 산기슭에서 발견되었다는 〈김은열 묘지명〉을 근거로 경순왕 1자 김일 金鎰 이 마의태자의 이름이라 하며 상계를 『경순왕 일 鎰 기로 箕輅 희보 希寶 경수 景修 』로 소원 遡源 시키고 시조를 마의태자 김일 金鎰 이라 한다
biased,그러나 1832년 간행된 나주김씨 임진보에는 비조를 경순왕이라 하고 있으며 또 《김은열 묘지명》 원문에도 경순왕 제2자 김황 金湟 과 제4자 김은열 金殷說 은 고려 태조의 외손인 낙랑공주 소생으로 평장사 平章事 를 역임하고 공 功 이 있는 신하 臣下 여서 특별히 장지 葬地 를 성북 십리 밖 오룡산 五龍山 남쪽 삼십리 주변을 하사 下賜 하여 주었다고 하였다
biased,복귀 첫 해에 12팀 중 하위권인 10위를 기록했지만
biased,한국의 김씨는 대부분 신라의 김알지를 시원으로 하는 경주 김씨계와 가락국의 수로왕을 시원으로 하는 김해 김씨계에서 유래한다
neutral,1924년 간행된 《조선씨족통보》에 경순왕의 계자 季子
neutral,중국 한족 漢族 김씨들의 상당 수는 소호금천씨를 시조로 모시기도 한다
biased,부안 부령 김씨 扶安 金氏 시조는 경순왕의 태자이며 신라김씨연합대종원의 입장도 동일하다
biased,부안 부령 김씨 扶安 金氏 시조는 경순왕의 태자이며 신라김씨연합대종원의 입장도 동일하다
