biased	1 운동에 참여하여 민족대표 33인 가운데 한사람으로 독립운동가로 활동하다가 친일 인사로 변절 전향했다
biased	1918년 개통한 오송역은 1991년 ktx정차역으로 확정되기 전까지 여객열차도 정차 안 하던 간이역이었다
biased	1919년 3·1 운동에 참가했다가 체포된 적도 있으나 1920년대 후반 일본에 유학하여 일본식 채색화 기법을 익히면서 친일본적인 모습을 보이기 시작했다
biased	1976년 2월 19일 서울특별시 용산구에서 2남 중 첫째로 태어났다
biased	1980년대 이래 민중 민주 pd 파와의 치열한 논쟁을 벌이는데 조직에서 우위를 보이며 학생 운동 전체에서 큰 영향력을 행사했다
biased	1980년대 중반 자민통 자주·민주·통일 세력이 민족 해방파에 속한다
biased	1984년 10월 8일 불문과와 일문과에 대한 폐과조치에 항의하여 학생 2백여명과 학부모 90여명은 총장실을 점거하고 철야농성을 벌였다
biased	1989년 1월 결성된 전국민족민주운동연합 전민련 이 내부 논쟁과 정권의 탄압으로 약화되자 여러 재야운동세력이 재결집해 만든 민족민주진영의 단체였다
biased	1989년 7월 문화의 거리가 조성된 이래 월미축제 월미놀이동산 문화예술의 장 만남과 교환의 장 공연놀이 마당 등으로 입소문을 탄 월미도는 휴일엔 각지에서 인파 수십만이 몰려와 카페 횟집에서 시원한 바다를 바라보며 구미에 맞는 음식을 골라 즐긴다
biased	1990년대 후반 이후로는 학생 운동의 전반적 쇠퇴와 북한의 실상 공개 주체사상 창시자인 황장엽의 망명 등으로 점차 힘을 잃었고 주체사상파의 대부인 김영환은 북한민주화운동으로 전향하였다
biased	1994년 10월 1집《seo ji won》을 발표 감미로운 미성과 귀여운 외모로 수많은 10대 팬들을 확보하였고 노래 외에도 연기 mc 등 다방면으로 활약하며 단숨에 인기 스타 대열에 올랐다
biased	1996년 1월 1일 신정 저녁 뉴스에서 충격적인 소식이 전해졌다
biased	1996년 3월 10일 오후 5시 올림픽 공원 역도 경기장에서는 베이시스 박선주 강수지 김규민 김원준 김정민 이본 dj doc와 서지원의 가족들이 참여하여 그의 죽음을 기리는 추모 콘서트가 열렸다
biased	1997년도 신입생 12개 학급으로 개교하여 2006년 현재 3 756명의 졸업생을 배출하였다
biased	1998년 젝스 키스는 세종문화회관 대강당에서 댄스그룹으로는 처음으로 단독 콘서트를 갖게 되고 대형사고를 대비해 수억원에 달하는 보험에 가입하는 등 화제거리를 낳았다
biased	2000년대 이후로 주사파 출신 전향자들을 중심으로 뉴라이트 운동이 시작되었다
biased	2003년 9월 11일 하판락은 향년 91세로 일생을 마감하였다
biased	2003년도부터 2005년도까지 3년 연속 최우수 교육과정 100대 우수학교 에 선정되었다
biased	2005 2006 세계주니어 선수권에서 우승하며 대한민국 은반 역사를 새로이 쓴 피겨요정 김연아 학생이 2006년 3월에 입학하여 열심히 기량을 갈고 닦고 있어 앞으로 촉망받는 미래가 기대된다
biased	2006년 한국진보연대 출범으로 전국연합은 2008년 2월 공식적으로 해산하지만 조직원들은 일부 정당에서 주로 활동을 이어간다
biased	26 에 이르기까지 남한 진보 운동에서 남한침략과 수탈의 본질적 제국주의는 미국 이었고 5·18 광주 민주화 운동에 대한 무력진압을 미국이 묵인했다는 인식이 확산되면서 반미 反美 로 타켓이 옮겨지게 됐다
biased	28 의 가장 소량만 존재하는데 핵융합의 26al에서 시작하여 30p과정에서 헬륨 융합 과정을 통해 54co가 최종적으로 생성되므로 대부분의 58fe는 초신성 폭발때의 중성자 포획 과정인 r 과정을 통해 생성됩니다
biased	2대 무왕은 일본에 보내는 국서를 통하여 고구려 옛 땅을 수복하고 부여의 유속을 이어받았다 復高麗之舊居 有夫餘遺俗 라고 주장하며 고구려 계승의식을 분명히 하였다
biased	2집 《tears》의 타이틀곡인 내 눈물 모아 는 각종 음악 프로그램에서 1위를 차지했다
biased	3 학생운동의 서울대 대자보 부터 70년대 반 유신 운동 민청학련 등을 거쳐 10
biased	3대 문왕 때 학문 연구 기관인 주자감을 세웠으며 관리들이 학습시킬 수 있게 서적원이라는 기관을 만들었다
biased	495년은 동방프로젝트 캐릭터인 플랑드르 스칼렛이 감금된 기간이다
biased	56fe는 자연계에 존재하는 철 동위 원소 중 가장 많이 차지하는 원소입니다
biased	57fe는 29si에서 여러 차례 헬륨 융합 과정을 통해 최종적으로 형성되는 원소입니다
biased	5·18 광주민주화 운동을 노동자투쟁으로 해석한 민중민주 계열과 달리 민족해방 계열은 미국이 전두환을 지지하여 5·18 광주항쟁 폭력 진압을 방관했다고 해석했으며 미국의 정체를 바로 보자면서 반미를 강조했다
biased	60fe은 반감기가 262만년으로 매우 짧아 현재 자연계에서는 존재하지 않지만 과거 지구에 매우 많이 존재했으며 용암 바다를 오래 유지시켜주는 역할을 한 원소입니다
biased	60zn은 핵융합 과정에서 56ni보다 에너지를 방출하는 것이 아니라 에너지를 흡수해야 형성되므로 핵융합 과정에서 60zn은 매우 소량만 형성됩니다
biased	696년 5월 마침내 거란인 이진충 李盡忠 과 손만영 孫萬榮 이 영주도독 營州都督 조홰 趙翽 의 통치에 불만을 품고 반란을 일으켰다
biased	698년에 만주와 연해주 일대에 기반을 둔 고구려 유민과 속말말갈 세력이 힘을 합쳐 대조영이 만주에서 당나라 세력이 쇠퇴해지고 나서 건국하여 신라와 함께 남북국 시대의 한 축이 되었다가 926년 1월에 기병 부대를 이끌고 침략한 거란의 요나라 침입을 받아 멸망했다
biased	727년 발해가 맨 먼저 일본에 개국을 알리기 위한 사신이 도착하는 것으로 두 나라의 관계가 시작되었다
biased	732년 당의 말갈 편입 시도에 대해 발해가 등주 공격으로 대응하여 서로 외교관계가 악화되었으나 문왕대에 이르러 문화적 교류가 활발히 진행됨에 따라 양국간의 관계는 회복되었다
biased	737년 무왕이 죽고 대흠무 大欽茂 가 3대 문왕 文王 에 즉위하여 대흥 大興 ·보력 寶曆 이란 연호를 사용하였다
biased	793년 문왕이 죽은 이후 대원의 大元義 ·성왕 成王 ·강왕 康王 ·정왕 定王 ·희왕 喜王 ·간왕 簡王 이 차례로 왕위를 계승하였으나 국력은 지도층의 내분으로 일시 약화되었다
biased	80년대 민족 해방파는 식민지반자본주의라는 한국의 특수한 현실에서 민족 모순이 계급 모순에 우선한다고 보며 학생 운동 및 변혁 운동의 초점을 반미주의와 남북 문제로 보아 마르크스 레닌주의의 제국주의론을 제외한 나머지 것들의 전통과는 거리가 멀다
biased	916년 거란의 야율아보기 耶律阿保機 872년 926년 재위 907년 926년 는 부족을 통일하고 요나라를 세워 스스로 황제가 되었다
biased	9세기 전반 간왕의 종부 從夫 이며 대조영의 동생인 대야발 大野渤 의 4대손 대인수 大仁秀 가 선왕 宣王 에 즉위하였다
biased	pd는 nl에 비하여 자본가와 노동자의 계급 모순을 강조하며 마르크스주의 전통에 충실하자는 그룹이다
biased	≪맹자≫는 사후에나 붙이는 시호가 보인다거나 맹자의 행동거지 등을 추측할 어떤 구절도 없는 등 논란이 있지만 대부분의 학자는 맹자가 말년에 제자들과 더불어 만든 책이라고 추측한다
biased	가령 당나라는 발해 북쪽의 흑수부 말갈 흑수말갈 이 연합하여 대응해 나갔다
biased	강경파 단결파 등 운동권 내부에선 민족해방 계열을 우파 민중민주 계열을 좌파라 칭하기도 한다
biased	강원도 김화 출생이며 강원도 철원에서 성장하였다
biased	강원도 양양에서 출생하여 경성 연희전문학교를 졸업했다
biased	강철서신은 당시 운동권에서 다수를 점하고 있던 nl파 중 다수가 주사파 로 변신하는 계기를 만들었다
biased	건국할 당시 대조영은 스스로 나라의 이름을 발해라 하였다
biased	검찰은 이러한 행위를 업무방해 등의 행위라며 법적 대응할 것이라고 밝혔으나 일부에선 정당한 소비자 운동이란 의견도 만만치 않아 논란이 되었다
biased	결국 발해는 보름여 만인 926년 1월 15일에 멸망하였다
biased	경부고속선을 휘게 한 오송역 이제는 호남고속선을 90도로 꺾어버리는 모습까지 보여준다
biased	경성 휘문고등보통학교에 다니며 홍사용 박종화와 교유했다
biased	경제적 생활의 격심한 불평등 속에서 인격의 평등을 부르짖는다는 것은 무의미한 일이 아니고 오히려 유해한 짓이라고 하여야 할 것이다
biased	고구려 유민은 요동 지방을 중심으로 당나라에 대한 저항을 계속하였고 이에 당나라는 고구려 유민 2만 8천여 가호를 중국 땅으로 강제 이주시켰는데 이때 발해를 건국한 대조영과 걸걸중상 부자도 고구려 유력층으로 분류되어 영주 榮州 로 끌려가게 되었다
biased	고등학교에 재학 중이던 1993년 미국 la에서 미주 중앙일보 미주 한인 방송국 한국 음반사가 주최한 공개 오디션에서 1 000 1의 경쟁률을 뚫고 1등으로 합격했다
biased	고왕 대조영은 초기에 신라에 사절을 보내 우호관계를 맺을 것을 희망하였고 신라는 이에 고왕에게 대아찬직을 수여하여 화답하였다
biased	고왕 대조영의 뒤를 이은 무왕 대무예는 연호를 인안 仁安 으로 고치고 영토 확장에 힘을 기울여 동북방의 여러 세력을 복속시키고 만주 북부 일대 전체를 장악하였다
biased	고왕 재위 698년 719년 천통 天統 무왕 재위 719년 737년 인안 仁安 문왕 재위 737년 793년 대흥 大興 보력 宝暦 대원의 재위 793년 793년 성왕 재위 793년 794년 중흥 中興 강왕 재위 794년 809년 정력 正暦 정왕 재위 809년 812년 영덕 永徳 희왕 재위 812년 817년 주작 朱雀 간왕 재위 817년 818년 태시 太始 선왕 재위 818년 830년 건흥 建興 대이진 재위 831년 857년 함화 咸和 시호가 알려지지 않았음
biased	공산주의는 사회주의 중에서 가장 과격하고 극단적 주장을 하는 이론인데 공산주의에서는 모든 생산수단의 사유를 금지하고 경제적 평등을 달성하기 위해서는 국민의 모든 자유를 무시하는 극단적 독재정치를 감행하고 있다
biased	공산주의와 같이 자본주의의 폐단을 고치기 위해서 극단적 독재까지 해야 한다는 주장은 우리들의 속담과 같이 빈대를 잡기 위해서 초가삼간 草家三間 을 태우는 것과 같은 파괴라고 하지 아니할 수가 없으므로 잘하는 것이라고는 볼 수가 없다
biased	공자가 살아생전인 춘추시대에 벌써 수많은 나라에서 크게 명성을 얻은 탁월한 사상가였음에 비해 맹자는 전국시대의 뛰어난 여러 학자들 가운데 한 사람일 뿐이었다
biased	공자의 말이 ≪맹자≫에 벌써 최고의 가치를 지니며 인용되었던 데 비해 ≪맹자≫는 한나라 때 잠깐 유행하고 1000년이 흐른 뒤인 송나라 때 와서야 높은 위치를 차지할 수 있었다
biased	광명역도 나름 문제가 있지만 일단 넘기고 오송역은 일단 계획상에서 없었다
biased	그 동안 인류는 주로 농업을 주된 산업으로 하는 생활이 동서양을 막론하고 수천 년 동안 계속되었다
biased	그 맹자가 정계를 은퇴한 뒤 말년에 쓴 책이 바로 ≪맹자≫다
biased	그 무렵 발해의 고민 또한 커지고 있었다
biased	그 중에서도 훗날 여진족 혹은 만주족으로 불리는 말갈족이 다수를 차지하고 있었다
biased	그것은 우리들은 다 같은 인간으로서 인간답게 살 수 있는 권리를 지니고 있기 때문인데 이러한 권리는 인간의 평등원리에서 도출된 것이라고 할 수 있다
biased	그것은 한마디로 말해서 산업혁명을 통한 경제의 발전이 과거의 어느 때보다도 크고 빠르게 진전했다는 사실이다
biased	그는 중원 지방으로 진출하려고 노력하였는데 그러기 위해서는 배후 세력인 발해를 먼저 제거하고자 하였다
biased	그래서 근대 정신은 사람은 날 때부터 귀하고 천한 구별이 있는 것이 아니라는 인간 평등의 사상이 주장되고 인격의 평등은 민주주의의 큰 원리의 하나가 되어서 오늘에 이르고 있다
biased	그래서 중국의 사료들을 통해 간접적으로 알려져 있다
biased	그러나 1996년 1월 1일 그가 2집 앨범 발표를 목전에 두고 돌연 세상을 떠나면서 2집 앨범은 그의 유작으로 남게 되었다
biased	그러나 20세기 이후로 활발한 연구가 진행되고 있다
biased	그러나 근대에 들어와서 산업혁명을 치른 결과 인간의 물질적 생활 정도는 과거의 어느 누구도 상상할 수가 없을 만큼 높아졌고 다양해졌다
biased	그러나 당나라와 외교관계가 피할 수 없는 과제라 여긴 발해는 결국 713년에 당나라와 외교관계를 수립하였다
biased	그러나 문왕대에 이르러 발해는 국가체제를 정비하는 과정에 당나라 못지 않은 문화 선진국이었던 신라와의 교류가 절실했고 신라도 사이가 안좋았던 일본과의 외교전에서 발해와의 관계 개선이 필요하게 되었다
biased	그러나 부지런하면 잘살고 게으르면 못산다는 것은 사람은 누구라도 일을 하려고만 결심하면 일거리는 얼마든지 있다는 전제가 있어야 한다
biased	그러나 이를 계기로 신라는 당나라와 관계가 회복되는 성과를 거두기도 했다
biased	그러나 이제 개인이 잘살고 못살고가 개인에게 책임이 있는 것이 아니라면 국가는 모든 사람이 모두 잘살수 있는 여건을 만들어 주어야 하고 또 일시적으로라도 실업을 하거나 질병으로 인해서 일을 할 수가 없어서 생활이 곤란하면 그것도 국가가 책임을 지고 도와주어야 한다
biased	그러나 이제는 아무리 일을 하려고 해도 일터가 없고 일거리가 없어서 일을 못하고 안하는 것이 아니고 그 결과 못산다고 할 때에 그때에도 못사는 책임을 개인에게 돌릴 수는 없다
biased	그러나 인간이 평등하다는 뜻은 이러한 피부색이나 신체의 강약 또는 기타 어떠한 차이도 인정할 수 없다는 의미가 아니다
biased	그러므로 모든 사람이 자유롭게 그가 원하는 바를 힘껏 행할 수 있는 상태를 만들기 위해서 인간 평등의 원리가 높게 외쳐졌으며 그로 인해서 근세인은 과거의 신분적·계급적 구속에서 해방되어 각자가 자기의 재능과 희망을 최대한도로 발휘하는 자유를 누리게 되었던 것이다
biased	그러므로 실제로 이 지구상에 살고 있는 모든 인간은 인종 또는 민족적으로 차이가 있고 그 육체적 특성이나 정신적 상태까지 여러 가지로 차이가 있어서 얼핏 보면 인간이 평등하다는 원리는 모순된 것같이 보인다
biased	그러므로 이러한 모든 차이에도 불구하고 인간이 평등하다는 이념은 그가 인간된 자격 즉 인격에 있어서는 아무런 차별이 있어서는 안 된다는 뜻이다
biased	그러므로 이러한 신분적인 불평등을 타파하지 않고는 모든 인간은 자유롭고 활발하게 자기의 개성을 개발하여 각자의 최선을 실현할 수가 없었기 때문이다
biased	그러므로 이젠 인격의 평등을 명실상부하게 이룩하기 위해서는 격심한 경제적 불평등을 제거하여 모든 사람이 큰 빈부의 차가 없이 생활하는 사회조건의 형성이 앞서야 한다는 것을 알게 되었다
biased	그런 농촌에 누가 ktx를 세우는지 말이다
biased	그런데 물질적으로 생활수단이 고도화함에 따라 이제는 물질의 다과 多寡 나 빈부의 차이는 인간의 행과 불행을 판가름하는 데 결정적인 의미를 지니게 되고 가난은 그대로 불행과 직결되는 사태에까지 이르게 되었다
biased	그런데 산업혁명을 치르고 고도로 발달한 기계화된 자본주의체제하에서는 사람이 아무리 일을 하려고 발버둥을 쳐보아도 일거리가 없어 일을 못하는 사태에 처하게 되었다
biased	그런데도 결국 분기를 따냈으니 반발은 엄청나게 심했다
biased	그룹 이름 젝스 키스 는 독일어로서 여섯 개의 수정 을 의미하며 가요계의 반짝이는 여섯 수정이 되겠다는 포부를 담았다
biased	그리고 이 분기는 80만 인구 전주로 가는 가장 빠른 노선을 만들어준다
biased	그리고 현대국가는 각종의 사회보장제도를 확립하여 이의 충실에 크게 주력하고 있는데 선진국으로 이름난 서구의 국가 중에는 사회보장제도가 매우 완벽하게 시행되고 있어서 경제적 또는 사회적으로 인간의 불평등한 상태는 대부분 제거되고 있는 실정이다
biased	그밖에 3성 三省 과 6부 六部 제도를 실시하는 한편 지방에도 경부 京府 ·주 州 ·현 縣 으로 구성된 3단계의 통치체계를 갖추었다
biased	그야 그럴 것이 주변에 논밭밖에 없는데 이용할 사람이 있을 수가 없다
biased	근데 어떻게든 정차시킬려고 위원회까지 세우고 폭탄 테러 협박까지 하면서 결국 동쪽으로 크게 우회하는 노선도를 만들었고 소요 시간과 요금도 그만큼 늘었다
biased	근세 초기에 인간이 평등해야 한다는 원리를 내세운 것은 그때까지만 해도 인간은 사회적으로 출생과 더불어 매우 불평등한 처우를 받고 있었기 때문이었다
biased	근세의 시민적 자유는 인격의 평등에서 도출된 또 하나의 이념이고 실천이라고 할 수가 있다
biased	기성세대들의 고정관념 때문에 생기는 젊은 세대의 스트레스가 많다
biased	기존 천안아산 분기는 공주시 시내를 지나고 소요시간도 제일 빠른 애초에 고려되던 노선이었다
biased	김민석 金民錫 1964년 5월 29일 은 15대 16대 대한민국 국회의원을 지낸 정치인이다
biased	김성근 金星根 1942년 12월 13일 실제로는 1941년 10월 30일 은 일본 교토 출신 야구 감독으로 현재 한화 이글스의 감독이다
biased	김성근 金星根 1942년 12월 13일 은 일본 교토 출신의 전 한국 실업야구 선수이자 전 프로야구 감독이며 현 일본 프로 야구 후쿠오카 소프트뱅크 호크스의 코치 고문이다
biased	김영환의 전향 이후에도 민혁당의 일부 지부는 계속 활동하여 경기동부연합 울산연합 등에 영향을 미치기도 한다
biased	김영환이 1986년 강철서신 시리즈로 배포된 문건에서 수령론 품성론 등 주체사상을 대학가와 노동계에 퍼뜨리면서 주사파가 형성되기 시작했다
biased	나중에 민족 해방을 더 중시하는 민족해방파와 민중 민주주의를 더 중시하는 민중민주파로 나뉘었다
biased	남북국 초기에 일본과 신라는 731년에 전쟁까지 벌어질 만큼 험악했다
biased	남아 있는 발해에 대한 기록은 《구당서》와 《신당서》 일연의 《삼국유사》 유득공의 《발해고》 정도이다
biased	널리 세계에 있는 인류는 종족적으로 여러 가지 차이가 있다
biased	넓은 만주 지역에는 여러 종족이 살고 있었다
biased	노동자 계급과 민중에 정치적 무게 중심을 두고 자주 민주 통일 이념을 실현하는 쪽도 있고 혁신파 등으로 호칭 민족주의를 우선시하는 쪽도 있다
biased	농노적 農奴的 인 구속이나 노예의 신분적 구속의 배제는 인격의 평등 때문이고 그러한 구속이 배제된 결과는 모든 사람이 귀천없이 자유를 누릴 수 있는 사회를 실현케 한 점이었다
biased	농민의 아들로 태어나면 아무리 재주가 뛰어나고 큰 뜻을 품고 있다고 하더라도 농부의 신세를 벗어날 길이 없는 상태는 그 개인의 큰 불행이고 불운일 뿐 아니라 사회적으로도 큰 손실이 아닐 수 없다
biased	누리꾼들은 그날 조중동에 실린 광고 목록을 매일 인터넷에 올렸으며 조중동에 광고를 실은 광고주에게 직접 항의전화를 걸거나 고객센터를 통해 항의를 하고 인터넷 회사인 경우 회원 탈퇴를 하는 등의 방법으로 광고주를 압박했다
biased	는 청순한 외모를 앞세워 남성팬들의 마음을 사로잡았던 주인공들로 최근 전세계를 사로잡고 있는 k pop 걸그룹들의 원조격이라 할 수 있다
biased	다만 일부의 56fe은 60zn을 형성하지만 이 과정은 에너지를 흡수하는 과정이므로 핵융합 과정에서는 매우 소량 형성됩니다
biased	당나라와는 해로와 육로를 이용하여 무역을 하였는데 당나라는 산둥 반도와 덩저우에 발해관을 설치하고 발해 사람들이 이용하게 하였다
biased	당시 그는 성적 우수자로 고등학교는 조기 졸업 예정이었고 이미 uc 버클리 심리학과 특례 입학 예정이었으나 오디션 합격을 이유로 대학 진학을 잠시 미루고 고교 졸업 직후인 1993년 12월 가족의 품을 떠나 홀로 대한민국으로 귀국했다
biased	당시에는 비교적 드물었던 10대 가수라는 점이 이목을 끌기 시작하며 본격적인 팬덤이 형성 되었다
biased	당은 발해의 건국이 기정사실이 되고 게다가 요서지역에 대한 돌궐 突厥 ·거란·해 奚 등의 압력으로 요하 유역과 만주 일대에 대한 지배가 사실상 어려워지자 705년 사신을 보내 발해의 건국을 인정하였다
biased	대개 줄여서 민족해방파 民族解放派 라고 하며 민중민주파의 별명인 평등파 와 대비하여 자주파 自主派 라고도 한다
biased	대건황 재위 857년 871년 시호가 알려지지 않았음
biased	대도시의 대기오염으로 훼손되어가는 수리산의 생태를 복원하고 학생들에게 살아있는 생태교육을 실시한다는 취지아래 봄부터 사육한 반딧불이를 여름철에 수리산의 자연으로 돌려보내는 활동을 하고 있다
biased	대위해 재위 894년 906년 시호가 알려지지 않았음
biased	대인선 재위 906년 926년 시호가 알려지지 않았음
biased	대전 분기는 소요시간은 오송분기와 비슷하지만 대전 120만의 폭발적인 수요를 얻을 수 있는 장점이 있었다
biased	대조영은 추격해 오는 이해고 당나라군을 천문령 전투에서 크게 무찌른 뒤에 만주 동부 지방에 남아 있던 고구려 유민과 말갈인을 규합하여 698년 길림성 돈화현 敦化縣 부근의 동모산 東牟山 기슭에 발해 渤海 를 세웠다
biased	대현석 재위 871년 894년 시호가 알려지지 않았음
biased	더구나 713년에는 대조영에게 발해군공 渤海郡公 이라는 형식상 관직을 수여하였는데 이때부터 발해를 자주국가로 인정하였다
biased	데뷔 이후 총 약 350만장의 음반 판매량을 기록하며 걸그룹 역사상 가장 많은 음반 판매를 기록했다
biased	동시에 돌궐 및 일본 등과도 친선 관계를 맺으면서 신라와 당나라를 견제하여 동북아시아에서 세력 균형을 유지할 수 있었다
biased	따라서 56fe은 28si에서 시작된 헬륨 융합 과정의 최종 원소로써 철 동위원소 중 가장 많이 존재하는 원소입니다
biased	따라서 60fe은 태양계 초기 역사의 매우 중요한 부분을 차지한 원소입니다
biased	때문에 자유에서와 마찬가지로 어떠한 차별도 없는 상태로 정의된다
biased	때문에 자유에서와 마찬가지로 어떠한 차별이 없는 상태로 정의하기도 한다
biased	때문에 젊은 사람들은 이날에 해외여행을 가거나 이런저런 핑계로 친척집 방문을 꺼리는 경우가 많다
biased	또 문화나 문명을 비교해 보더라도 고도의 물질적 문명을 창조해 내서 높은 문화생활을 하고 있는 민족도 있고 아직도 원시적이고 미개한 상태를 크게 벗어나지 못하고 극히 저급한 문화생활을 하고 있는 인종도 없지 않다
biased	또 상경을 중심으로 주요 교통로를 마련하고 국내외 각지를 연결하는 대외 무역에 더 힘을 쏟음으로써 거친 자연 조건이 주는 어려움을 극복해 나갔다
biased	또 우리나라의 예를 보더라도 양반과 평민 平民 또는 천예 賤隸 의 구별이 있어서 이러한 계급적 차별은 매우 심한 것이었다
biased	또한 3대 문왕 역시 스스로를 고려국왕 대흠무라 자칭하였다
biased	또한 격동의 정치 상황 속에서 인의의 정치 로 시대 정치의 난맥상을 타개하려는 정치사상 교과서로서의 역할에 충실한 저작이다
biased	또한 대륙사관은 반도사관에 대응하는 개념이 아니라 일제의 반도사관이 설정해 놓은 틀에 사로잡혀 사고하는 전형적인 모습이기도 하다
biased	또한 방송 데뷔 불과 3개월 만에 sbs 예능 프로그램 에서는 메인 mc를 맡았고 프로그램 내 미니 드라마 남녀공학 과 라이벌 에서 남자 주인공으로 연기도 선보였다
biased	또한 정효 공주 묘에서는 묘지와 벽화가 발굴되었다
biased	를 대비하여 작전중인 전투경찰순경 전투경찰순경 戰鬪警察巡警 은 작전전투경찰순경 작전전경
biased	마침내 925년 12월 말 야율아보기는 군대를 이끌고 발해를 공격하였고 발해는 요나라의 침입을 효과적으로 방어할 수 없었다
biased	만약 민주주의나 민주정치에서 인간의 평등이라는 대원리는 제외해 버린다면 그 때에는 민주주의나 민주정치 그 자체가 완전히 붕괴한다는 것을 깊이 명심해야만 할 것이다
biased	맹자는 공자에 비견되기도 하고 ≪맹자≫는 ≪논어≫의 체제와 비슷하게 만들어져 있지만 그렇게 된 것은 훨씬 후대의 일이다
biased	명절 증후군은 대한민국에서 명절이 다가왔을때 가사에 대한 부담을 크게 느끼는 주부들이 겪는 증후군이다
biased	모진 추위와 함께 눈으로 덮히거나 얼어붙은 땅은 농사를 어렵게 하였고 사냥과 가축을 기르기가 발해의 산업에서 중요한 비중을 차지함으로써 늘 물자 부족에 시달려야 했다
biased	목격자의 진술에 따르면 이날 저녁 술에서 깨어나 밖에서 담배를 사서 들어와 피우던 중 침대 위에 누워 있던 서지원이 갑자기 입술과 온몸이 파랗게 변한 채 경련을 일으켰다고 진술했다
biased	목이 메인 듯한 울음소리로 간신히 힘겹게 이어가던 그의 마지막 음성은 후에 그의 3집 앨범 《made in heaven》에 삽입되어 많은 팬들을 눈물 흘리게 했다
biased	문왕도 영토 확장은 계속되어 동북 방면의 말갈 부락을 복속시키고 그곳에 부 府 를 설치하였다
biased	민족 해방 nl 파는 민중 민주 pd 그룹과 대척점에 서 있었다
biased	민족 해방 그룹은 미국과의 심정적 결별과 과학적 학생운동론의 등장 이후 1985년 말 경에 고려대학교와 서울대학교에서 시작되어 통일 운동에 앞장서면서 학생 운동권의 주류로 등장했다
biased	민족 해방 좌파라는 의미에서 nl left 라고도 불린다
biased	민족 해방파 내부에도 다양한 이념적 스펙트럼이 있다
biased	민족 해방파는 제국주의 대 민중을 대립관계로 보고 모든 투쟁에서 항상 반미 자주화를 기본적 투쟁으로 설정하였다
biased	민족 해방파의 이념은 식민지반자본주의론과 민족해방 민중민주주의 혁명론이 양축을 이룬다
biased	민족해방 민중민주주의 혁명론 nlpdr 은 대한민국 사회를 미국 제국주의의 반 半 식민지 반 半 자본주의 사회로 평가하는 견해이며 줄여서 민족 해방파 nl 라고 불린다
biased	민족해방 민중민주주의 혁명론에서는 식민지반봉건사회 또는 식민지반자본사회를 민중혁명으로 타파하고 민주주의 제도를 수립할 것을 촉구한다
biased	민족해방 민중민주주의 혁명은 제국주의에서 해방되는 민족해방 혁명과 계급해방을 달성하는 민중민주주의 혁명이 독자적이면서도 통일적인 유기체를 이루는 것이다
biased	민족해방 민중민주주의 혁명을 달성하기 위해 반미자주화와 반파쇼민주화 제국주의에 결속한 대한민국 자본가 세력을 타도하는 의미로서의 남북 통일을 투쟁 노선으로 설정한다
biased	민족해방민중민주주의혁명론 民族解放民衆民主主義革命論 은 1980년대 대한민국에서 진보주의적인 학생 운동의 정신적 바탕이 된 사회 변혁 이론이다
biased	민주주의란 인간의 평등 즉 인간 위에 인간이 없고 인간 밑에 인간이 없는 사회의 실현을 말한다고 할 수 있고 따라서 민주주의의 실천과 완성은 이러한 인간의 평등이 현실사회 속에 그대로 실현되는 사회를 말한다
biased	민주주의민족통일전국연합 약칭 전국연합 은 1991년 12월에 결성된 대한민국의 정치단체다
biased	민중 민주파는 한국 사회를 신식민지국가독점자본주의 체제로 보면서 민족 모순을 계급 모순의 하위 개념으로 파악했다
biased	발해 渤海 존속 기간 698년 926년 는 고구려 장군 대조영이 고구려를 계승하여 건국하여 228년간 한반도 북부와 만주 및 연해주에 걸친 광범위한 지역에 위치해 존속했던 국가이다
biased	발해 건국 후 이들은 피지배층이 되어 자신이 거주하는 촌락의 우두머리가 되어 국가 행정을 보조하였다
biased	발해 유민들의 부흥 운동은 1116년까지 이어졌으나 모두 실패하였으며 아울러 한민족은 주된 활동 무대의 일부였던 만주 지방에 대한 지배력을 상실하게 되었다
biased	발해가 멸망한 후에 발해의 터에 유민이 여러 나라를 재건하였으나 곧 멸망하였다
biased	발해는 강한 군사력과 발전된 문화를 가지고 있었으며 고구려를 계승하고 영토를 확장하여 오늘의 조선민주주의인민공화국과 중화인민공화국 러시아에 걸친 옛 고구려의 영토를 차지하였다
biased	발해는 당나라와 친선 관계를 맺었고 신라와도 상설 교통로를 개설하여 종래의 대립 관계를 해소시키려고 노력하였다
biased	발해라는 국호는 발해의 수도인 상경용천부 서남쪽 가까이에 위치해 있는 홀한해 경박호 에서 유래 되었다
biased	발해를 멸망시킨 요나라는 발해고지 渤海故地 에 동란국 東丹國 을 세우고 요나라 황제의 맏아들로 하여금 그곳을 다스리게 하였다
biased	발해에 관한 기록은 《구당서》 발해 말갈전과 《신당서》 발해전에 전하는데 조선 전기에는 말갈의 무리로 인식하는 경향이 컸으나 조선 후기부터는 발해를 고구려의 계승국으로 인식했다
biased	발해에서는 문방구를 비롯한 여러가지 당나라의 물품들을 수입하고 당에서는 모피와 가죽 그리고 여러가지 산림자원을 수입했다
biased	발해와 일본과의 관계는 초기에는 신라를 견제하기 위한 군사적인 성격이 강했으나 후일에는 문화적 교류와 상업적 목적이 더 강했다
biased	발해의 건국으로 남쪽의 신라와 북쪽의 발해가 공존하는 남북국 南北國 의 형세를 이루게 되었다
biased	발해의 귀족 및 지배계층은 고구려 유민이 대다수를 차지하였다
biased	발해의 두 번째 고민은 여러 종족을 잘 통합하여 국력이 하나로 일치된 나라를 이루어 내야 한다는 것이었다
biased	발해의 문화는 고구려 문화를 계승한 것이며 당나라와 요나라의 역사서에 발해가 해동성국 海東盛國 이라는 별명으로 불렸다는 점을 들어 발해가 고급 문화를 향유했음을 시사한다
biased	발해의 수출품은 주로 모피 인삼 등 토산물과 불상 자기 등 수공업품이었다
biased	발해의 수취 제도는 신라와 마찬가지로 조·콩·보리 등 곡물을 거두는 조세 베·명주·가죽 등의 특산물을 거두는 공물 궁궐·관청 등의 건축에 농민을 동원하는 부역이 있었다
biased	발해의 지배층은 왕족인 대씨와 고구려계 귀족들이 대부분이었다
biased	발해인이 남긴 역사적 사료는 전해지지 않는다
biased	법적으로 평등을 한 개의 권리로서 규정한 조문을 보면 대한민국 헌법 제11조는 기본적 인권의 하나로서 평등권을 다음과 같이 말하고 있다
biased	본명은 정지현 鄭志鉉 이며 정백 鄭栢 은 필명 筆名 이다
biased	비록 사건별 주장들의 난립 형식으로 구성되긴 했지만 책 전체를 볼 때에는 일관된 사유 체계를 읽을 수 있으며 주장들 사이에 깊은 연관성과 구체성을 띠고 있다
biased	뿐만 아니라 이러한 물질적 문명은 과거와 같은 소수의 왕공 王公 이나 귀족들만이 누리는 특권적인 것이 아니고 모든 인간이 다같이 누리고 즐길 수 있는 범인간적 凡人間的 이고 시민적인 것이라는 데에 그 특징이 있다
biased	사람이 우연히 양반집에 태어났다고 해서 잘났고 존귀하며 또 상민이나 노예의 아들 딸로 태어났다고 해서 죽을 때까지 상놈이나 노예로서 남의 천대만 받아야 한다는 것은 오늘의 개명된 눈으로 본다면 크게 잘못된 생각이고 관념이라 하지 아니할 수가 없다
biased	상경에 자리잡은 뒤에는 농업이 급속도로 발전하고 인구도 크게 늘었다
biased	상경은 당나라 수도인 장안성 長安城 의 축소판이라 할 정도로 그것을 모방하여 정비한 도시였다
biased	상경은 당의 장안성 長安城 과 그 규모를 같이하여 외성 外城 ·내성 內城 을 두고 시가지를 바둑판같이 구획하였다
biased	상품매매에는 현물 화폐를 주로 썼으나 다른 나라의 화폐도 함께 사용하였다
biased	선왕은 발해를 중흥시켜 전성기를 이루었으며 당으로부터 해동성국 海東盛國 이라는 칭호를 얻었다
biased	선왕의 대외정복을 바탕으로 발해는 최대의 판도를 형성하였으며 이에 맞추어 5경 京 15부 府 62주 州 의 지방제도가 완비되었다
biased	선왕이 재위 10년 만인 830년에 죽은 뒤 약 100여 년간에 걸친 발해 역사에 대해서는 뚜렷한 기록이 남아 있지 않다
biased	성실 창조 자주 fgfg 지식정보화 사회를 선도할 창의적인 인간육성이라는 모토아래
biased	성적우수학생과 교과특기 학생을 대상으로 교과우수아 및 조기졸업반을 운영하고 있으며 2006년도에 2명의 학생이 졸업을 하면서 포항공대와 한국정보통신대에 진학하였고 현재 2학년 김영광 학생이 2007학년도 대입전형에서 포항공대에 합격하면서 2007년도 2월에 졸업할 예정이다
biased	세종시가 세종역을 다시 세우려는 노력을 하고 있다
biased	세종역을 세우면 오송역 승객의 약 80 를 차지하는 세종시민의 수요를 흡수할 수 있다
biased	수입품은 귀족들의 수요품인 비단 책 등이었다
biased	신라 성덕왕 聖德王 이 721년에 국경지대에 설치한 북경장성 北境長城 은 발해의 공격에 대비한 것이었다
biased	신라는 이에 응했으나 폭설을 이유로 군대를 철군시켰다
biased	신문판매고시는 신문구독자를 모집하는 과정에서 연간 유료신문 대금 18만원 의 20 3만6000원 을 초과하는 액수의 공짜신문이나 경품을 제공하는 행위을 불공정거래행위로 규정하고 있다
biased	실제 호남고속선 기본계획도 천안아산 공주 논산 전주 광주이다
biased	아니 오히려 이러한 인종간의 차이나 특징은 인종과 인종을 구별하고 민족과 민족의 사고방식이나 생활양식의 차이는 그 민족의 고유한 전통이나 문화로서 크게 존중되기까지 한다
biased	아무리 생활조건이 좋은 사회 속에 있더라도 게으르고 일을 하고 싶지 않아서 가난하게 생활하는 사람이 나타나는 것까지 막을 수는 없다
biased	아호는 고우 古友 이며 천도교 도호 道號 는 여암 如庵 이다
biased	안막과의 사이에서 낳은 딸인 안성희도 소련에서 발레 유학을 하고 돌아와 북조선에서 무용가 및 안무가로 활동했다
biased	야구 팬들과 기자들에게 권혁 에스밀 로저스 박정진 윤규진 송창식 등의 한화 투수들을 혹사시켰다는 비판을 받았다
biased	양국은 신라도와 북해통이라는 두 국제도로를 이용해 사신을 교환하며 외교 통상적인 교류를 이어갔다
biased	어느 시대 어떠한 사회를 막론하고 그 속에는 어느 정도 빈부의 차이가 나타나는 것은 숨길 수 없는 사실이다
biased	연도 495년 기원전 495년 4e02 495
biased	예를 들어 남녀 평등은 성별에 의한 차별이 없는 상태를 말한다
biased	오랜 고민 끝에 문왕은 당나라와 친선 관계를 맺으면서 당나라의 선진문물을 받아들여 내부의 국가체제를 정비하는 데 주력하였다
biased	오송역이 경기도에 있다고 아는 사람이 은근 많다
biased	외국에서도 크리스마스를 길게 보내긴 하지만 이런 형식의 갈등이 생기는 문화권은 드물다
biased	우리 조상들은 아무리 궁벽한 시골에 살더라도 어른이 되면 공자님 말씀 맹자님 말씀을 예로 들며 자식들을 훈계해 왔다
biased	우리들 인간이 평등하다는 뜻은 우리들은 다 같은 인간이고 그 인간이라는 점에 있어서는 아무런 구별이나 차별이 있어서는 안 된다는 의미이다
biased	우선 756년 수도를 중경에서 상경으로 옮겼다
biased	우선 면적에 비해 발해의 자연 환경은 너무 거칠었다
biased	원래 인간의 평등이라는 원리가 나오게 된 역사적 배경을 살펴보면 우리는 왜 인간의 평등이라는 것이 근대사회 발전의 근본이념이 되는가를 더욱 깊이 이해할 수 있을 것이다
biased	원래 평등의 뜻은 인격의 평등을 뜻했다
biased	원안은 서울 천안아산 대전 동대구 신경주 울산 부산이다
biased	월미산에 걷기 좋은 둘레길이 조성되고 한국전통정원 전통문화체험관 한국이민사박물관 등이 설립된 데다가 다양한 놀이동산까지 들어서면서 월미도는 인천 명소의 위상을 되찾고 있다
biased	유작이 된 서지원의 2집 앨범은 큰 주목을 받으며 높은 판매고를 기록했다
biased	이 날 서지원은 2집과 팬들의 반응에 대한 걱정 연말의 떠들썩한 분위기 속에서 혼자 있는것에 대한 불안감 별거중인 부모님에 대한 아픈 마음을 털어놓기도 했다
biased	이 때문에 정백은 공산주의자들 사이에서 사회주의 운동 노선을 포기한 유휴분자 라고 비난을 받았다고 한다
biased	이 때부터 당나라와 무역과 외교관계가 왕성해지기 시작했다
biased	이 외에도 여러 방송사의 프로그램에서 고정 진행을 맡았으며 가수로서 노래 외에도 아니라 작사 작곡 모델 mc 연기 등 다방면에서 뛰어난 재능을 보이며 단숨에 인기 스타 대열에 올랐다
biased	이 중 다수를 차지한 것은 말갈인이며 이들은 고구려 전성기 때부터 고구려에 편입된 종족이었다
biased	이 중 식민지반자본주의론은 현실 모순의 인식이며 민족해방 민중민주주의 혁명론은 그 모순을 타개하는 방법론이다
biased	이 중에서 정혜 공주 묘는 굴식 돌방무덤으로 모줄임 천장구조가 고구려 고분과 닮았다
biased	이 증후군은 주로 맏아들의 며느리거나 같이 할 형제 자매가 없는 집의 주부들이 음식 장만 및 설겆이 등 뒤처리에서 평소보다 늘어나는 가사를 매년 겪기 때문에 발생했다
biased	이 틈을 타서 고구려 장군 출신인 대조영은 고구려 유민·말갈인과 함께 영주를 빠져나와 전쟁의 피해를 거의 받지 않았던 만주 동부 지역으로 이동하였다
biased	이것이 난숙한 자본주의 경제체제가 형성됨에 따라 나타난 현실이었다
biased	이들 가운데 민족 해방의 이념인 민족 모순 우선론에 공감하는 정파가 비주사 민족 해방으로 형성된 것이다
biased	이들 중에는 이미 고구려의 지배를 받으면서 어느 정도 고구려인이 된 세력이 있었던 반면 이때 새롭게 정복된 세력도 있었기 때문에 어려움은 더욱 컸다
biased	이들은 본래 1980년대 변혁 운동에서 한 갈래를 차지하며 제헌의회 구성을 주장했던 제헌의회파에 속했으며 민족 해방의 민족해방 민중민주주의 혁명론과는 달리 민족민주혁명론 nd 을 주장하던 그룹이었다
biased	이들은 중앙과 지방의 중요한 관직을 차지하고 수도를 비롯한 큰 고을에 살면서 노비와 예속민을 거느리고 있었다
biased	이들은 학생 운동에서 주도권을 차지하여 전대협 및 한총련의 주도 세력이 되었고 재야 정치 세력인 전국연합 범민련등을 구성하였다
biased	이때 사신과 더불어 상인들이 동행하여 무역하였다
biased	이러한 농업 위주의 사회에는 생산력에 있어서나 생산수단에 있어 그리 큰 변화가 있을 수 없었고 따라서 모든 인간의 생활도 비교적 간단하고 검소하며 또 물질적인 생활이 인생에 대해서 지니는 비중도 그다지 큰 것이 되지는 못하였다
biased	이러한 와중에 732년 가을 거란족이 사신을 보내와 함께 당나라를 칠 것을 제안하자 그해 9월 발해는 장군 장문휴 張文休 에게 수군을 이끌게 하여 등주 登州 를 급습하여 순식간에 점령하는 한편 요서의 마도산 馬都山 에서 대문예가 이끄는 당나라 군과 격돌하였다
biased	이러한 인식을 기반으로 민족해방 민중민주주의 혁명론 nlpdr 에 따른 사회 변혁을 주장한다
biased	이런 역에 청주 사람들이 과연 이용을 할까 결론부터 말하자면 결국 청주의 핌피 pimfy please in my front yard 로 고속철도 자체가 망했다
biased	이를 통해 지구에 존재하는 60ni의 대부분은 60fe이 베타 붕괴를 통해 형성된 원소이며 60fe은 거대한 항성의 최후 과정에서 나타난 초신성 폭발의 r 과정을 통해 형성되었다는 것을 알 수 있습니다
biased	이를테면 양성평등은 성별에 의한 차별이 없다는 것이다
biased	이에 대해 민주당 최문순 의원은 쇠고기 관련 정부광고 집행 이후 보수신문 집중 기조가 나타나고 있다며 연간 2000억여원 규모에 달하는 국민세금이 사실상 청와대가 지목한 언론에 집중적으로 몰리고 있는 상황은 국민들의 뜻을 왜곡하는 행위이자 당근책을 활용한 언론자유 침해로 볼 수 있다고 주장했다
biased	이인영 우상호 오영식 임종석 등 주로 nl세력이 주도권을 쥐고 있던 전대협 출신 간부들도 제도권 정당으로 들어갔다
biased	이후 그가 친일파라는 근거없는 음해성 기사가 인터넷을 돌아다니기 시작했다
biased	이후 당나라가 신라에 지원을 요청하면서까지 발해를 공격하기도 하였으나 발해의 성장은 거칠 것이 없었다
biased	이후 요동 진출을 본격화하여 10세기 초에 거란이 이곳으로 진출하기까지 그 지역에 대한 지배권을 계속 유지하였다
biased	이후 일본은 대륙과의 교류에 적대국인 신라와 관계가 회복될 때까지 발해에 기댈 수밖에 없었고 발해는 자신들의 배로 일본의 견당사를 호송하는 사신을 수차 파견했다
biased	인간은 모두 태어날 때부터 평등하다는 것은 민주주의의 가장 기본적인 이념이다
biased	인간은 모두 태어날때부터 평등하다는 것은 민주주의의 가장 핵심적인 이념이다
biased	인격의 평등은 사회적 조건의 어느 정도의 평등이 없이는 불가능하다
biased	일거리가 얼마든지 있고 일만 하면 잘살 수 있는데도 불구하고 일을 하지 아니하여 잘 살지 못한다고 한다면 그 때에는 그 잘 못사는 책임은 게으른 개인에게 돌릴 수가 있었다
biased	일본의 실권자였던 후지와라 나카마로 藤原仲麻呂 는 신라 정토 계획이라는 침략 계획을 꾸미면시 배후에 발해를 끌어들이려고 했고 이를 위해 758년부터 연이어 발해에 견발해사를 파견했지만 발해는 이미 이시기에 신라와 우호관계를 맻기 시작한 터라 이에 미온적이 되어 결국 일본의 신라 침략 계획은 좌절될 수밖에 없었다
biased	일부 학자는 비슷한 시기에 분화한 백두산의 화산 폭발이 발해의 멸망 원인이라고 보고 있다
biased	일부는 기성 정당에 입당하여 제도권 정치에 진출해왔다
biased	자연계에 존재하는 안정적인 철 동위 원소로는 54fe 56fe 57fe 58fe가 존재합니다
biased	작품으로는 〈영산춤〉 〈에헤라 노아라〉 〈달밤의 곡〉 〈반야월성곡〉 〈우조춤〉 〈칼춤〉 〈보살춤〉 〈초립동〉 〈고구려 무희〉 〈광상곡〉 〈가면의 춤〉 〈승무〉 〈인도인의 비애〉 〈해방을 구하는 사람들〉 〈방랑인의 설움〉 〈봉산탈춤〉 〈유격대의 아들〉 등이 있고 북조선에서 쓴 저서로 《조선민족무용기본》 《조선아동무용기본》이 있다
biased	장래가 촉망되던 인기 가수 서지원이 만 19살이라는 젊은 나이에 스스로 세상을 떠났다는 소식이었다
biased	장발 張勃 미국식 이름 thomas chang 1901년 4월 3일 2001년 4월 8일 은 한국의 미술인이며 서양화가이다
biased	전국노동조합협의회 전노협 전국농민회총연맹 전국대학생대표자협의회 전대협 등 14개 운동단체와 13개 지역운동단체 등이 포함돼 있다
biased	전국에서 모인 그의 팬 3 000여 명이 그의 죽음을 함께 슬퍼했다
biased	전국연합은 1997년 이후 지도부가 전국연합을 떠나면서 사실상 해소됐다
biased	정백 鄭栢 1950년 은 일제 강점기의 친일 사회주의 및 공산주의 운동가로 광복 후 서울에서 결성된 장안파 조선공산당의 지도자였다
biased	정백 鄭栢 1950년 은 일제 강점기의 친일 사회주의 운동가 친일 공산주의 운동가로 광복 후 서울에서 결성된 장안파 조선공산당의 지도자였다
biased	정재형이 작곡한 2집 앨범 타이틀곡인 는 kbs mbc sbs 등 방송 3사 가요 프로그램에서 1위를 차지하며 현재까지도 사랑 받는 명곡으로 남게 되었다
biased	정치학자 최장집은 민족 해방이라는 파벌을 대한민국 사회의 모순을 파악하는 두 가지 중요한 문제 의식 중 하나로 파악한다
biased	젝스 키스 는 대한민국의 6인조 보이 밴드이다
biased	젝스 키스는 1997년 4월 15일에 kmtv《쇼 뮤직 탱크》에서 학원 별곡 으로 데뷔하였으며 1집에서 학원 별곡 연정 폼생 폼사 기억해 줄래 등을 히트 시켰다
biased	조선 후기에 실학자 유득공이 발해와 신라가 있던 시기를 남북국시대라 하였다
biased	조선로동당의 지도이념인 주체사상을 수용하여 형성된 주체사상파 약칭 주사파 정파가 있으며 다른 정파인 비주사 nl 또는 nl left 는 이와 달리 본래 제헌의회파 ca 계열이었다
biased	조일명 趙一明 1903년 12월 1일 1953년 은 일제 강점기의 친일 공산주의 운동가이며 조선민주주의인민공화국의 정치가이다
biased	조중동을 읽지 말자 는 주장은 예전부터 일부에서 있었으나 2008년 한미 쇠고기 협상에 관한 논란이 지속되는 가운데 이들이 협상에 대해서는 긍정적이고 촛불 집회에는 부정적인 보도를 하면서 크게 확산되었다
biased	주체사상파 주사파 는 조선민주주의인민공화국의 국가 이념이자 조선로동당의 지도 이념인 주체사상을 신봉하며 민족 해방 계열의 영향력 있는 파벌 중 하나이다
biased	주체사상파가 아닌 민족 해방파는 비주사 nl 로 불리면서 민족 해방 계열 내에서 좌파를 구성한다
biased	주체사상파는 자생적인 친북주의자들로 조선민주주의인민공화국의 단파방송을 몰래 청취하여 북한 입장의 정세 분석과 이론을 수용했고 김영환이 민혁당을 결성한 이후에는 직접 북한의 지도를 받아 남한의 진보운동에 개입하기도 하였다
biased	중세 이전에는 동양이나 서양에는 사람은 날 때부터 귀하고 천한 구별이 엄연하게 있었고 그 구별에 따라 귀족계급 평민계급 또는 노예계급 등의 계급적 차이가 엄격히 유지되고 있었다
biased	중앙대학교 문예창작과와 연계하여 대학 강사진들이 문예창작과 관련한 심도 깊은 수업을 주 2회 실시하고 있다
biased	지구에 많이 존재하는 원소인 60ni은 60fe이 베타 붕괴를 통해 형성된 원소입니다
biased	처음에 발해와 신라의 관계는 소원하기도 하고 심지어 적대적일 때도 있었다
biased	처음에 시작되었던 조중동 구독 거부 운동 이 점점 힘을 얻으면서 이들 신문사에 광고를 게재하는 광고주를 상대로 광고를 철수할 것을 주장하는 형태로 이어졌다
biased	철의 생산량이 상당히 많았고 구리의 제련술도 뛰어나 좋은 품질의 구리를 생산하였다
biased	철제 농기구가 널리 사용되고 수리 시설이 확충되면서 일부 지역에서는 벼농사도 지었다
biased	청주시 내에 위치하지만 너무 멀고 위치도 애매한데다가 엄청난 굴곡을 감당해야 하는 터라 장점이 없다
biased	청주시와 청원군이 통합되기 전 여기는 조치원과 불과 7km밖에 떨어지지 않는 말 그대로 청주 외곽이다
biased	최근 러시아의 연해주에선 발해의 것으로 추정되는 성터가 발굴되면서 연해주가 발해에 속해있었음을 증명하게 되었다
biased	최린 崔麟 일본식 이름 佳山 麟 가야마 린 1878년 1월 25일 1958년 12월 은 일제 강점기의 천도교 인사 겸 언론인이다
biased	최장집에 따르면 nl적 문제의식과 pd의 문제 의식은 강력한 반공 권위주의 국가와 권위주의적 산업화 과정에서 발생한 민주화의 두 의제를 축약 한 것으로 양대 문제를 민족 문제와 민중 문제로 파악한다면 nl과 pd는 각각 한 쪽을 강조하여 본 것이므로 상호연계성을 되살려 nl pd의 라는 새로운 이념으로 한국적 해방의 이념 을 되살릴 수 있다는 의견이다
biased	카시오페아는 동방신기의 첫 콘서트를 통해 서울 잠실 주 경기장의 최대 입장 수와 2006년 대한민국 공연 티켓 판매율에 1위를 기록시키고 2007년 두번째 콘서트 티켓 예매에는 무려 30만명의 팬이 예매 시도를 할 정도로 열성적이다
biased	타고난 음성이 맑고 고와서 1986년부터 미국 la로 이주하기 전까지 kbs 어린이 합창단에서 소프라노 파트로 활동했다
biased	특히 1980년대 후반까지 pd와의 치열한 노선 투쟁을 거치며 이론과 조직 양면에서 학생 운동을 비약적으로 성장시켰다
biased	특히 신라시대의 골품제도와 같은 것은 출생에 따라 인간을 선천적으로 불평등화한 좋은 예의 하나라고 할 수 있다
biased	평등 平等 은 권리 의무 자격 등에서 차별이 없는 상태를 말한다
biased	평등 平等 은 권리 인격 가치 등에서 차별이 없는 상태를 말한다
biased	평등은 아주 넓은 의미를 갖고 있어 사용하는 사람의 사상과 경우에 따라 조금씩 다른 의미로 사용된다
biased	평소 누구보다 밝은 성격이었기에 그와 가까이 지냈던 주변인들조차 그의 힘들었던 속내를 제대로 읽지 못했고 그만큼 충격 또한 클 수밖에 없었다
biased	피부의 색이 희고 누르고 검은 차이가 있는가 하면 키가 큰 인종도 있고 또 키가 매우 작은 인종도 있다
biased	하지만 여전히 청주시와 공주시는 기존 오송역과 공주역이 폐역된다며 반대하고 있고 을 운행하는 열차는 8왕복이 대전역과 제천역을 2왕복은 동대구역과 영주역을 남은 1왕복은 서울역과 제천역을 각각 기점으로 운행되며 경부고속선을 운행하는 열차는 대부분 서울역 수서역 용산역을 기점으로 운행되며 일부는 행신역 기점으로 운행된다
biased	하지만 오송 주민들이 일산 동탄 분당 은 고양 일산 화성 동탄 성남 분당 이라 안 하면서 왜 오송은 청주 오송 이라고 해야 되냐면서 반발했고 결국 지역 발전을 위해 역명 변경은 무기한 연기되었다
biased	하지만 우리나라가 정치적·사회적 이념으로 전면 수용한 유학은 송나라 대 이후의 것이므로 우리의 전통 속에서 맹자는 처음부터 성인의 모습으로 들어왔다고 볼 수 있다
biased	하지만 정백은 비밀리에 스탈린당 이라는 공산주의 운동 단체를 결성하는 등 나름대로 공산주의 활동을 하려고 애쓰고 있었다
biased	학계에서는 사회과학 논쟁인 식반론 대 신식국독자론 논쟁 일명 사회구성체논쟁 사구체논쟁 도 활발하게 진행되어 nl과 pd 양측의 이념적 토대가 되었다
biased	한국 특유의 변질된 유교적 전통과 남존여비 오지랖이 결합된 안좋은 형태의 한국병
biased	한국전쟁의 판도를 뒤바꾼 인천상륙작전 당시에는 미군에게 네이팜탄 폭격을 당하고 인천으로 가는 길을 터 주었다
biased	한국진보연대는 2007년 대선을 앞두고 민주주의민족통일전국연합 이하 전국연합 의 발전적 해체로 창립되었으며 진보연대로 줄여 부르기도 한다
biased	한미 fta저지 비정규직 철폐 평화협정 체결 주한미군 철수 국가보안법 철폐 등 4대 과제를 내걸고 창립됐다
biased	한편 대륙사관이 주요 반박의 대상으로 삼는 소위 반도사관은 일제가 만들어낸 반도사관과 전혀 다른 개념이다
biased	한편 문왕의 말년에 수도를 일시적으로 동경 용원부 東京龍原府 로 천도한 적도 있으나 성왕 成王 대에 다시 이곳으로 옮겨와 멸망할 때까지 계속되었다
biased	한편 수도인 상경 용천부 등 도시와 교통 요충지에서는 상업이 발달하였다
biased	한편 우리 국민은 인간으로서 인간된 대우를 받고 또 참된 인간으로서 알차고 보람있는 삶을 누려야 하며 이러한 삶을 누리기 위한 여러 가지 여건의 조성이나 조건의 충족을 국가에 요구할 수가 있다
biased	한편 이러한 운동에 편승해 조중동과는 대조적인 성향의 경향 한겨레 등 타 신문사의 자발적 구독자 수는 보도에 따르면 4월에 비해 5월에 5 10배 증가하는 효과가 있었다
biased	항성의 핵융합 과정 즉 규소 연소 과정에서 28si에서 여러 차례 헬륨 융합 과정을 통해 최종적으로 56fe을 형성하게 됩니다
biased	헌법상의 평등권은 기본적인 인권의 하나로서 규정된 것이지만 이미 앞에서 보아온 바와 같이 평등의 원리는 민주주의 그 자체를 지탱하고 있는 기둥이고 평등의 원리를 실현하기 위해서 정치제도로서는 민주정치가 발달하게 되었고 인간의 생활원리나 방식으로서는 민주주의가 발전해 갔음을 잊어서는 안 된다
biased	현대국가는 국가가 모든 국민들의 최저생활을 확보해 줄 책임을 지고 있으며 현대국가를 사회복지국가 또는 사회국가라고 하는 이유도 여기에 있는 것이다
biased	현대국가는 국가가 모든 국민들의 최저생활을 확보해 줄 책임을 지고 있으며 현대국가를 사회복지국가 또는 사회시설국가라고 하는 이유도 여기에 있는 것이다
biased	현실 정치에서는 1987년 대한민국 대통령 선거 이래로 비판적 지지 범민주후보론 당선 가능한 야당지지 등을 주창하며 기존 야당 세력에 활발히 접근하여 연대를 추진한 바 있다
biased	현재는 1학년 15개 학급 2학년 14개 학급 3학년 16개 학급으로 총 45개 학급 1 627명의 재학생이 있으며 교직원은 총 92명의 대규모학교이다
biased	홀한해 유역은 대조영이 발해를 건국할 때 기반이 되었던 지역이었고 홀한해와 같은 의미를 지닌 발해가 국호로 정해지게 되었다
biased	홀한해는 사실 바다가 아닌 호수지만 그 둘레가 30km가량 되는 큰 호수라서 바다처럼 여겨져 홀한해라고 불렸다
biased	후에 조선민주주의인민공화국에서 간첩 혐의로 사형당한 뒤에도 리승엽과 함께 일제 때부터 전향했던 대표적인 변절자로 비난받았다
biased	흑수말갈을 비롯한 대부분의 말갈족을 복속시켰으며 또 요동 지방에 대한 당의 지배가 약해진 틈을 타서 요하 유역까지 진출하여 그곳에 목저주 木底州 ·현토주 玄兎州 를 설치하였고 남쪽으로는 신라와 국경을 접할 정도로 넓은 영토를 차지하였다
neutral	1 운동에 참여하여 민족대표 33인 가운데 한사람으로 독립운동가로 활동하다가 친일 인사로 변절 후 전향했다
neutral	1 평등은 불가능한가ㅡ 평등에 대한 가장 큰 오해는 실현불가능하다는 것이다
neutral	13대 왕인 대현석을 경왕 · 마지막 왕 대인선을 애왕이라 부르는 경우가 있으나 이는 과거 일본인이 신라의 경애왕과 혼동하여 잘못 만들어낸 오류이다
neutral	18 이후 발해의 지속적인 세력 남하에 대해 위기감을 느끼고 734년 다시 단독으로 발해를 공격하였다
neutral	1920년 도일하여 도쿄미술학교 東京美術學校 청강생으로 3년 동안 수학했다
neutral	1922년에서 1930년 사이 선전에 출품하여 5회 1·2·3·4·8회 입선 2회 6 7회 특선을 기록하였다
neutral	1933년 제미전 帝美展 에서 1등상을 수상하고 1937년의 제16회 선전에서는 창덕궁상을 받아 다음해에는 선전 참여 추천작가가 되었다
neutral	1976년 2월 19일 서울특별시 용산구에서 2남 중 장남으로 태어났다
neutral	1980년대에 들어서면서 자민통 nl노선 과 제독 pd노선 으로 분화된다
neutral	1986년부터 미국 la로 이주하기 전까지 kbs 어린이 합창단에서 소프라노 파트로 활동했으며
neutral	1989년 7월 문화의 거리가 조성된 이래 인천 바닷가의 유명 관광지 중 하나로 떠올랐다
neutral	1996년 3월 10일 오후 5시 올림픽 공원 역도 경기장에서는 베이시스 박선주 강수지 김규민 김원준 김정민 이본 dj doc와 서지원의 유가족 전국에서 모인 그의 팬 3 000여 명이 참여하여 그의 죽음을 기리는 추모 콘서트가 열렸다
neutral	1997년 신입생 12개 학급으로 개교하여 2006년 현재 3756명의 졸업생을 배출하였다
neutral	1998년 젝스키스는 세종문화회관 대강당에서 댄스그룹으로는 처음으로 단독 콘서트를 갖게 되고 대형사고를 대비해 수억원에 달하는 보험에 가입하는 등 화제거리를 낳았다
neutral	2 평등과 자유는 대립하는가ㅡ 이는 오랜 독재정치로 국민을 우민화해서 평등을 왜곡한 결과인데 참 민주사회에서는 평등과 자유를 대립이 아닌 상보 대등 관계로 규정한다
neutral	20 80 혹은 10 90사회라는 말이 말해주듯 소수가 전체의 부와 권력의 80 90 를 차지하는 상황에서 평등을 긍정할 리 만무하다
neutral	2003년 9월 11일 하판락은 향년 91세로 천수를 다 누리고 그 악명높았던 일생을 마감하였다
neutral	2003년부터 2005년까지 3년 연속 최우수 교육과정 100대 우수학교에 선정되었다
neutral	2005 2006 세계주니어 선수권에서 우승한 김연아기 2006년 3월에 입학하여 활동 중이다
neutral	2008년 민족문제연구소에서 친일인명사전에 수록하기 위해 정리한 친일인명사전 수록예정자 명단 경찰 부문 2009년 친일반민족행위진상규명위원회가 발표한 친일반민족행위 705인 명단에도 포함되었다
neutral	2009년 2월 19일 법원은 광고중단운동을 벌인 누리꾼들에게 유죄를 선고했다
neutral	200여년전 프랑스혁명때부터 자유와 평등주의는 민주 이념으로 굳어져 왔고 교과서에도 실린 내용이다
neutral	3 같음과 다름 ㅡ 평등은 본질적으로 같음이지만 같다고 해서 다 평등은 아니며 또 다르다 해서 다 불평등한 것도 아니다
neutral	40여년이 지난 지금까지도 한국에서는 개인은 커녕 겨우 국민이 대통령이다라는 소리밖에는 나오지 않았다
neutral	495년은 동방 프로젝트의 등장인물 플랑드르 스칼렛이 감금된 기간이다
neutral	56fe는 자연계에 존재하는 철 동위 원소 중 가장 많이 차지하는 원소다
neutral	57fe는 29si에서 여러 차례 헬륨 융합 과정을 통해 최종적으로 형성되는 원소다
neutral	60fe은 반감기가 262만년으로 매우 짧아 현재 자연계에서는 존재하지 않지만 과거 지구에 매우 많이 존재했으며 용암 바다를 오래 유지시켜주는 역할을 한 원소다
neutral	60zn은 핵융합 과정에서 56ni보다 에너지를 방출하는 것이 아니라 에너지를 흡수해야 형성되므로 핵융합 과정에서 60zn은 매우 소량만 형성된다
neutral	68년의 세계적 68혁명운동으로 여성 등의 사회적 약자들의 실질적인 권리가 보장되고 명실공히 인류평등 시대에 들어선 것이다
neutral	696년 5월 마침내 거란추장 이진충 李盡忠 과 손만영 孫萬榮 이 영주도독 營州都督 조홰 趙翽 의 폭정에 불만을 품고 반란을 일으켰다
neutral	698년부터 926년까지 약 228년간 한반도 북부와 만주 연해주 등에 걸쳐 존속하였다
neutral	713년에는 대조영에게 발해군왕 渤海郡王 이라는 형식 상 관직을 수여 하였지만 대조영은 발해를 자주국으로 건설하기 위해 이를 거부했다
neutral	727년 발해 무왕 때 처음으로 일본에 사신을 파견하였으며 이후 양국은 지속적인 교류관계를 유지해 왔다
neutral	736년 당과 발해는 상호간에 표류하고 있는 사신과 포로들을 교환함으로써 화해의 분위기를 조성하였고 이후 문왕이 왕위에 오르면서 두 차례 사신을 당에 파견하였으며 표서피 1000장과 건문어100구를 바치는 등을 통해 관계회복에 박차를 가하였다
neutral	737년 무왕이 죽고 문왕 대흠무 大欽茂 가 즉위하여 대흥 大興 과 보력 寶曆 이란 연호를 사용하였다
neutral	743년 일본과 신라는 국교를 일시단절한 이후 발해와 일본의 관계는 지속적으로 우호적이었고 일본은 후지와라 정권 때 신라 침공 계획을 세웠는데 발해의 협조를 얻기 위해 발해에 사신을 더 많이 파견하기도 했다
neutral	756년 수도를 중경 현덕부에서 상경으로 옮겼다
neutral	793년 문왕이 죽은 이후 대원의 大元義 ·성왕 成王 ·강왕 康王 ·정왕 定王 ·희왕 喜王 ·간왕 簡王 이 차례로 왕위를 계승하였으나 국력은 지도층의 내분으로 점점 약화되었다
neutral	8세기 후반에 이르면서 종종 대립국면이 나타나기도 하는데 여기에 대해 일본측은 자국을 방문해 오는 발해에 대해 일본이 주도적위치에서 외교적 요구를 내세웠고 발해는 이에 순응해왔다고 이해하고 있지만 군신의 관계성립 이는 선점적인 권리를 역사적으로 입증하기 위한 것일 뿐이라는 의견이다
neutral	916년 거란의 야율아보기 耶律阿保機 는 부족을 통일하고 요나라를 건국하였다
neutral	916년 스스로 황제에 오르고 918년 요양고성으로 행차하던 중 요동의 중요성을 인식하고 919년 이 고성을 보성하여 쌓은 후 한인과 발해인을 함께 이주시켜 요양에 거주하게 한다
neutral	919년까지 발해는 일본을 총34차례 방문하였고 일본은 발해를 13차례 방문하였다고 기록되어 있다
neutral	925년 음력 12월 말 야율아보기는 군대를 이끌고 발해를 공격하였고 발해는 요나라의 침입을 효과적으로 방어할 수 없었다
neutral	9세기 전반 간왕의 종부 從夫 이며 대조영의 동생인 대야발 大野渤 의 4대손 대인수 大仁秀 가 선왕 宣王 으로 즉위하였다
neutral	《맹자》 전체의 내용은 살인을 좋아하지 않는 군주 가 능히 천하를 통일할 것이며 군주가 포악하고 무도하여 천명이 떠나면 필부에 불과하다 하여 왕도정치와 혁명론을 역설하고 있다
neutral	《맹자》는 전국시대의 유가였던 맹자가 각국의 제후들에게 유세를 하거나 자신의 제자들과 대화를 나눈 것 혹은 고자 등의 다른 사상가들과의 논쟁한 것을 기록한 어록이다
neutral	《사기》에 따르면 《맹자》는 맹자 은퇴 후 제자인 만장 萬章 등의 제자와 함께 지은 것이라는 설이 있으나 실제로는 맹자 말년이나 맹자 사후에 제자들이 맹자가 남긴 말을 기록하여 엮은 책이라 생각된다
neutral	ㅡ 기회의 평등은 단순한 의미가 아니고 인간의 보편적 평등권의 보장과 별로 다르지 않다는 것을 분명히 할 필요가 있다
neutral	가난하다고 기본적인 정규 교육도 제대로 못받는 상황에서는 평등은 공염불에 불과할 것이다
neutral	가난한 학생에게 억대가 넘는 엄청난 비용을 들여서 부자의 자식과 똑같은 양질의 교육을 시키기위해서는 결과의 평등 즉 재분배의 정의를 통해 가난한 학생에게 혜택이 돌아가도록 해야한다
neutral	가령 당나라는 발해 북쪽의 흑수부 흑수말갈 와 연합하여 대응해 나갔다
neutral	가운데 신문판매고시는 신문구독자를 모집하는 과정에서 연간 유료신문 대금 18만원 의 20 3만6000원 을 초과하는 액수의 공짜신문이나 경품을 제공하는 행위을 불공정거래행위로 규정하고 있다
neutral	가장 큰 기여를 한 것이 발해와 신라간의 교역을 쉽게 하기위한 길 즉 신라도 의 개설인데 이를 통해 사신을 파견하고 상호 경유하였다
neutral	같다고 해서 다 옳은 것이 아니고 다르다고 다 악도 아니다
neutral	같음에는 동일 단일 획일 공통 전체 등 많은 개념이 있다
neutral	개인이 빈부가 개인에게 책임이 있는 것이 아니라면 국가는 모든 사람이 모두 부유하게 살 수 있는 여건을 만들어 주어야 하고 또 일시적으로라도 실업을 하거나 질병으로 인해서 일을 할 수가 없어서 생활이 곤란하면 그것도 국가가 이 문제를 책임을 지고 해결해야 한다
neutral	거란과 돌궐 등이 당의 변방지역을 공격하면서 관계가 악화되기도 했지만 8년이 지난 713년에 관계가 정상화 되었다
neutral	거란족은 4세기 후반부터 역사에 등장하게 되는데 초기부터 부여 고구려와 교섭하였다고 한다
neutral	걸그룹 역사상 가장 많은 음반 판매를 기록했다
neutral	검찰은 이러한 행위를 업무방해 등의 행위라며 법적 대응할 것이라고 밝혔으나 정당한 소비자 운동이란 견해도 있어 논란이 되었다
neutral	결국 발해는 보름여 만인 926년 3월 1일 음력 1월 15일 대인선이 항복을 청함으로써 발해는 멸망하였다
neutral	경제 군사 선진국답게 정치·경제적 평등수준과 사람들 모두의 권익 보장도 선진국다워야 정상이지 이렇게 불균형한 기형적인 나라에서 무슨 희망과 믿음이 있겠는가 평등이냐 불평등이냐 하는 문제는 인간이냐 인간이 아니냐 하는 문제로 인류사적으로 대단히 중요하다
neutral	경제 군사적으로는 선진을 넘어 일류국가를 부르짖으면서도 인간의 상당한 경제적 평등은 고사하고 평등의 초보단계인 법적 정치권력적 평등도 정착시키지 못하고 있다
neutral	경제평등은 빈부격차가 다 해결되는 것은 아니다
neutral	고구려 유민은 요동 지방을 중심으로 당에 대한 저항을 계속하였고 이에 당나라는 고구려 유민 2만 8천여 가호를 중국 땅으로 강제 이주시켰는데 이때 발해를 건국한 대조영과 걸걸중상 부자도 고구려 유력층으로 분류되어 영주 榮州 로 끌려가게 되었다
neutral	고등학교에 재학 중이던 1993년 미국 la에서 미주 중앙일보 미주 한인 방송국 한국 음반사가 주최한 공개 오디션에서 1 000 1의 경쟁률을 뚫고 합격했다
neutral	고속철도 역사의 역명을 결정할 때 충청북도에서는 충북선 오송역과 역명을 일치시키자고 하였고 일각에서는 역명 앞에 청주를 추가하자는 주장과 청주·세종역으로 변경하자는 주장으로 나뉘고 있다
neutral	고왕 대조영의 뒤를 이은 무왕 대무예는 인안 仁安 이라는 연호를 사용하였고 영토 확장에 힘을 기울여 동북방의 여러 말갈족들을 복속시키고 만주 북부 일대 전체를 장악하였다
neutral	공산주의는 사회주의 중에서 가장 과격하고 극단적 주장을 하는 이론인데 공산주의에서는 모든 생산수단의 사유를 금지하고 경제적 평등을 달성하기 위해서는 국민의 자유를 제한한다
neutral	과거의 봉건사회는 신분의 귀천이 있어 귀족과 양반이 권력과 부를 독점 세습하고 대다수 양민과 노비를 혹사시키고 착취하던 잔인하고 비인도적인 불평등사회였으나 근현대에는 평범한 사람과 민중이 직장과 사회 국가의 주인으로서의 역할과 권력을 평등하게 행사할 수있는 사회다
neutral	교과영재교육 성적우수학생과 교과특기 학생을 대상으로 교과우수아 및 조기졸업반을 운영하고 있으며 2006년에 2명의 학생이 졸업을 하면서 포항공업대학교와 한국정보통신대학교에 진학하였고 현재 한 명의 학생이 2007년 대입전형에서 포항공업대학교에 합격하면서 2007년 2월에 졸업할 예정이다
neutral	구조가 없는 형체와 사회는 존립할 수없다
neutral	국가와 힘있는 자부터 차별과 인권 유린을 자행한다면 엄한 형벌을 내릴 수있도록 법적 형식을 튼실히 갖추고 그런 가운데 시민의 평등심과 인권의식을 고양해서 내실을 알차게 쌓아가는 것이다
neutral	권2 태조본기 己巳 諲譔請降 발해를 멸망시킨 요나라는 발해의 옛 땅에 동란국 東丹國 을 세우고 요나라 황제의 맏아들 야율배로 하여금 그곳을 다스리게 하였다
neutral	권력은 정치력뿐만 아니라 집단 사회관계에서의 모든 힘의 작용을 포함하는데 유럽선진국에서 권력이나 권위는 평등이라는 이념앞에 힘을 쓸 수가 없다
neutral	그 4편의 경우에는 언제 실전되었는지는 미상이다
neutral	그 결과 당의 등주 등을 공격 장문휴로 하여금 하고 대문예를 암살하려는 계획이 실패하여 무산되고 당과 신라의 협공이 실패한 후 신라의 독자적인 공격 거란의 당으로의 복속 등 국제정세가 발해에 불리하게 돌아가자 더 이상의 강경책을 진행할 수 없게 되었다
neutral	그 결과 문왕은 당의 책봉을 받게 되고 두 국가 간의 관계는 완전히 회복될 수 있었다
neutral	그 골자는 대한민국의 식민지성을 인정하고 이에 기초하여 대한민국 사회를 반식민반자본주의사회 半植民半資本主義社會 로 보는 것에 있다
neutral	그것은 국민은 다 같은 인간으로서 인간답게 살 수 있는 권리를 지니고 있기 때문인데 이러한 권리는 인간의 평등원리에서 도출된 것이다
neutral	그것은 한마디로 산업혁명을 통한 경제의 발전이 과거의 어느 때보다도 빠르게 진전했다는 사실이다
neutral	그래서 모든 인류는 인종 또는 민족적으로 차이가 있고 육체적 특성이나 심성적으로도 구별돼 자칫 인간이 평등하다는 명제는 모순된 것처럼 보인다
neutral	그래서 이러한 모든 차이에도 불구하고 인간이 평등하다는 이념은 인간이 인간된 자격과 지위 권리 즉 법적 도덕적 인격에 있어서 아무런 차별이 없이 평등하다는 뜻이다
neutral	그래서 인간은 모두 선천적으로 평등하다는 천부인권사상은 민주주의의 가장 핵심적인 이념이고 사회정의를 결정짓는 본질적 요소이며 인권을 가늠하는 척도이다
neutral	그래서 인간은 모두 태어날때부터 평등하다는 근대 천부인권사상은 민주주의의 가장 핵심적인 이념이다
neutral	그러나 1996년 1월 1일 2집 앨범 발표를 목전에 두고 그가 돌연 세상을 떠나면서 2집 앨범은 유작으로 남게 되었다
neutral	그러나 근대에 들어와서 산업혁명을 치른 결과 인간의 물질적 생활 정도는 과거의 어느 누구도 상상할 수가 없을 만큼 높아졌다
neutral	그러나 기이하게도 대부분의 대중은 평등사회라는 말을 낯설어하며 평등과 평등사회의 개념이 무엇을 의미하는지 알지 못한다
neutral	그러나 명절에 관련된 다양한 노동들 중에서도 유독 주부들의 음식 장만 및 설거지 등 가사에 관련된 부분만을 지나치게 부각시키고 있어 이에 대한 사회전반의 논란이 대단히 높다
neutral	그러나 모두 동일한 출발선에서 동시에 출발하여야 한다
neutral	그러나 문왕대에 이르러 당과 발해의 국교가 정상화되면서 신라와의 긴장관계도 점차 완화되어 갔다
neutral	그러나 발해는 고구려인들이 중심이 되어 세워진 왕조였다
neutral	그러나 부지런하면 부유하고 게으르면 가난하다는 원칙이 용납되기 위해서는 사람은 누구라도 일을 하려고만 결심하면 일거리는 얼마든지 있다는 전제가 있어야 한다
neutral	그러나 식민기를 거치면서 평등사상이 희박해졌고 오랜 독재정치로 완전히 평등사상은 사라졌다
neutral	그러나 아무리 완벽한 제도와 법을 갖추었다 하더라도 시민의식이라는 내용이 미비하고 취약하다면 형식 제도는 아무런 실효를 거둘 수없으며 모래성처럼 쉽게 무너질 수있다
neutral	그러나 아무리 일을 하려고 해도 일거리가 없어서 일을 할 수 없고 그 결과 가난하다고 하면 그때에도 가난의 책임을 개인에게 돌릴 수는 없다
neutral	그러나 여자 아이들의 인권과 평등은 아직 요원했다
neutral	그러나 여전히 민족모순은 남아 있기에 대한민국은 본질적으로 반식민반자본주의사회이며 따라서 역시 당대 혁명의 단계를 인민민주주의혁명으로 보았다
neutral	그러나 이때의 평등은 법 제도상의 평등었지 실질적 평등은 아니었다
neutral	그러나 이런 도도한 평등의 세계사와 생생한 민족적 체험이 있었음에도 현재 한국사회는 전혀 평등하지가 않다
neutral	그러나 이전부터 거란에게 강력한 지배력을 행사하던 당과 회골이 쇠퇴 멸망하고 발해역시 9세기 내부갈등으로 내리막길에 다르며 그 명맥을 이어나갔다
neutral	그러나 이제는 아무리 일을 하려고 해도 일터가 없고 일거리가 없어서 일을 못하고 안하는 것이 아니고 그 결과로 못산다고 할 때에 그때에도 못사는 책임을 개인에게만 돌릴 수는 없다
neutral	그러나 인간은 누구나 정치권력적으로 경제 사회적으로 대통령과도 맞먹는 엄연한 주권자로서 존엄하게 평등한 존재다
neutral	그러나 인간이 평등하다는 것은 이러한 피부색이나 신체의 강약 또는 기타 어떠한 차이도 인정할 수 없다는 것이 아니라 오히려 이러한 인종간의 차이나 특징은 인종과 인종의 정체성을 구별해주고 민족과 민족의 사고방식이나 생활양식의 차이는 그 민족의 고유한 전통이나 문화로서 크게 존중되기까지 한다
neutral	그러나 일반적 의미의 평등은 많은 오해의 소지가 있다
neutral	그러나 평등은 자유의 평등으로 이해할 수있다
neutral	그러나 한국적 현실은 선진을 넘어 일류국가를 부르짖으면서도 평등의 형식과 내용에 있어 아직 선진국수준에 한참 미달하는 것이 사실이다
neutral	그러니까 미성년으로 사회적 제권리가 없는 학생들에게는 절대 평등의 원칙을 적용해야 한다는 것이다
neutral	그러니까 역사적으로 평등은 소수의 부르주아시민에서 노동자 여성 순으로 확장 보장되었고 다시 법적 평등에서 정치적 경제적 사회·문화적 평등으로 영역과 폭이 확대된 것이다
neutral	그러니까 인간은 경제적으로나 권력적으로 대통령과 같은 자격을 누릴 수도 있는 것이 된다
neutral	그러니까 평등은 약자와 빈자를 특별대우 즉 좋은 차별로 자연적 평등상태로 되돌리기 위함이다
neutral	그러다 1789 프랑스혁명의 성공으로 역사상 최초로 모든 사람들이 신분의 족쇄로부터 해방되어 집단적으로 평등하게 욕망의 분출을 경험하게 되고 자유와 평등이라는 관념이 싹튼 것이다
neutral	그러다 1789년 프랑스혁명의 성공으로 역사상 최초로 모든 사람들이 신분의 족쇄로부터 해방되어 집단적으로 평등하게 욕망의 분출을 경험하게 되고 자유와 평등이라는 관념이 싹튼 것이다
neutral	그러므로 근대 민주사회는 사람이 날 때부터 귀하고 천한 구별이 있는 것이 아니라 만인이 평등하다는 사상이 주창되어 민주주의의 대원리로 확고히 정착됐다
neutral	그러므로 모든 사람이 자유롭게 원하는 바를 힘껏 행할 수 있는 상태를 만들기 위해서 인간 평등의 원리가 높게 제창되었으며 그로 인해서 근세인은 과거의 신분적·계급적 구속에서 해방되어 각자가 자기의 재능과 희망을 최대한 발휘하는 자유를 누리게 되었던 것이다
neutral	그러므로 이러한 신분적인 불평등을 타파하지 않고는 모든 인간은 자유롭고 활발하게 자기의 개성을 개발해서 자아를 실현할 수가 없었다
neutral	그러므로 이젠 인격의 평등을 명실상부하게 이룩하기 위해서는 격심한 경제적 불평등을 제거하는 사회적 제조건과 제도의 형성이 절실하다 하겠다
neutral	그런데 물질적으로 생활수단이 고도화함에 따라 이제는 물질의 다과 多寡 나 빈부의 차이는 인간의 행과 불행을 판가름하는 데 결정적인 요소로 작용하게 되고 가난은 그대로 불행과 직결되는 사태에까지 이르게 되었다
neutral	그런데 민주주의와 자유에 대해서는 결코 불가능하다 하지 않으면서 유독 평등은 불가하다고 하는 것은 난센스다
neutral	그런데 산업혁명을 치르고 고도로 발달한 기계화된 자본주의체제하에서는 사람이 아무리 일을 하려고 해도 일거리가 없어 일을 못하는 사태가 발생했다
neutral	그런데 여전히 자유와 평등을 대립된 가치로 볼뿐 아니라 평등을 부정하는 세력이 없지 않다
neutral	그런데 현실은 자유와 자유주의를 쉽게 일치시켜 이해하는 반면 평등과 평등주의는 서로 연결을 짓지 못하고 심지어 다른 것으로 왜곡한다
neutral	그룹 이름 젝스키스 는 독일어로서 여섯 개의 수정 을 의미하며 가요계의 반짝이는 여섯 수정이 되겠다는 포부를 담았다
neutral	그리고 5 18광주항쟁과 87년 6월민중항쟁으로 민주주의가 부활함으로써 평등사상도 겨우 빛은 보게 되었다
neutral	그리고 발해는 스스로 일본에 보낸 국서 등에서도 고 구 려국왕 을 자처하고 있었다
neutral	그리고 영토확장의 편리성과 지방세력의 약화 즉 왕권강화를 위해 수도를 동모산에서 중경 현덕부로 옮긴다
neutral	그리고 현대국가는 각종의 사회보장제도를 확립하여 이의 보장에 주력하고 있는데 서구의 선진 국가 중에는 사회보장제도가 매우 완벽하게 시행되고 있어서 경제적 또는 사회적으로 인간의 불평등한 상태는 대부분 제거되고 있는 실정이다
neutral	그리하여 925년 12월 마침 발해 정복에 나서게되고 발해15대왕 228년만에 발해는 멸망하게 된다
neutral	그외 채색화로서 산수·인물·화조 등 다양한 작품세계를 전개시켰고 재래 도화서풍의 초상화도 많이 남겼다
neutral	그의 마지막 음성은 후에 3집 앨범 《made in heaven》에 삽입되었다
neutral	그의 치세 동안 당은 발해의 융성함을 일컬어 해동성국 海東盛國 이라 불렀다
neutral	근대 이전에는 동양이나 서양에는 날 때부터 사람이 귀하거나 천하다는 구별이 엄존했고 이에따라 귀족계급 평민계급 노예계급 등의 계급적 차이가 엄격하게 유지된 계급사회였다
neutral	근세의 자유는 인격의 평등에서 도출된 또 하나의 이념이고 실천이라고 할 수가 있다
neutral	근세초기에 인간이 평등해야 한다는 이념를 내세운 것은 그때까지만 해도 인간은 사회적으로 출생과 함께 매우 불평등한 대우를 받고 있었기 때문이었다
neutral	기본적인 인간다운 삶의 보장을 위해 필요한 기회 제공 즉 권리의 보장은 물론이고 민주시민으로서 누구나 대통령이 될 기회도 요구할 구있다
neutral	기전체의 서술방식으로 쓰여진 이종휘의 동사 東史 는 발해를 세가에 서술하였고 고구려 유민에 의해 성립된 국가로 인식하여 고구려의 전통을 강조하였고 유득공은 저서 발해고 渤海考 에서 발해가 고구려를 계승한 후계임을 분명히 하고 발해의 영토를 잃어버린 우리의 고토로 인식하였으며 신라의 삼국 통일의 불완전함을 서술하고 발해와 신라가 공존하였던 시기를 남북국 南北國 으로 칭할 것을 제안하였다
neutral	기회는 한번이 아니 수십번도 주어질 수있는 것이다
neutral	기회평등은 상당부분 결과평등을 전제하고 결과평등이 없이는 기회평등도 실현 불가능하기때문이다
neutral	김민석 金民錫 1964년 5월 29일 은 대한민국의 정치인이다
neutral	김성근 金星根 1942년 12월 13일 실제로는 1941년 10월 30일 은 일본 교토 출신 대한민국의 야구 감독으로 현재 한화 이글스의 감독이다
neutral	김성근 金星根 1942년 12월 13일 은 일본 교토 출신의 전 한국 실업 야구 선수이자 현 일본 프로 야구 후쿠오카 소프트뱅크 호크스의 코치 고문이다
neutral	김종서 등이 편찬한 고려사절요는 발해를 속말말갈의 일부로 대조영을 고구려계 유이민으로 서술하였다
neutral	나쁜 것을 행하면 자유가 아닌 범죄이듯 평등도 부정적 악과 연계될 수 없다
neutral	남녀는 체력 성향 등에서 상당히 다르지만 그래도 무조건 평등하다는 것은 이를 배제하는 것이 아니고 배려하는 큰 평등이다
neutral	넷째 기회균등은 모든 권리 인권의 평등을 전제한다
neutral	농노적 農奴的 인 구속이나 노예의 신분적 구속의 배제는 인격의 평등 때문이고 그러한 구속이 배제된 결과는 모든 사람이 상하귀천없이 자유를 누릴 수 있는 사회를 실현케 한 점이다
neutral	농민의 아들로 태어나면 아무리 재주가 뛰어나고 큰 뜻을 품고 있다고 하더라도 농부의 신세를 벗어날 길이 없는 상태는 그 개인의 큰 불행일 뿐 아니라 사회적으로도 큰 손실이 아닐 수 없다
neutral	누구는 존엄하고 누구는 비천한 것이 아니라 모두가 평등하게 존엄한 이상 자유권은 똑같이 부여될 수밖에 없다
neutral	누구든지 높은 명예를 얻을 기회를 보장하라고 요구할 수도 있다
neutral	누구든지 성별·종교 또는 사회적 신분에 의하여 정치적·경제적·사회적·문화적 생활의 모든 영역에 있어서 차별을 받지 아니한다
neutral	누리꾼들은 매일 조중동에 실린 광고 목록을 인터넷에 올렸으며 조중동에 광고를 실은 광고주에게 직접 항의전화를 걸거나 고객센터를 통해 항의를 하고 인터넷 회사인 경우 회원 탈퇴를 하는 등의 방법으로 광고주를 압박했다
neutral	는 청순한 외모를 앞세워 남성팬들의 마음을 사로잡았던 주인공들로 최근 전세계를 사로잡고 있는 k pop 걸 그룹들의 원조격이라 할 수 있다
neutral	다만 일부의 56fe은 60zn을 형성하지만 이 과정은 에너지를 흡수하는 과정이므로 핵융합 과정에서는 매우 소량 형성된다
neutral	다섯째 기회라는 말을 유럽처럼 광의로 해석하면 무한정 일 수가 있다
neutral	단 한번의 기회로 자아실현을 했다면 한번으로 족하지만 수십번의 기회가 필요한 사람이라면 그런 기회를 주어야 마땅하지 않겠는가
neutral	달리기는 시합의 결과에 따라 언제나 등수가 매겨지기 마련이다
neutral	당시 그는 성적 우수자로 고등학교는 조기 졸업 예정이었고 이미 uc 버클리 심리학과 특례 입학 예정이었으나 오디션 합격을 이유로 대학 진학을 잠시 미루고 고교 졸업 직후인 1993년 12월 가족의 품을 떠나 홀로 한국으로 귀국했다
neutral	당시 발해는 돌궐 및 거란과 합세하여 급속히 세력을 성장시켜 나가고 있었으며 당은 신라를 통해 이를 견재하려 하였다
neutral	당연히 민주주의의 중심가치인 평등도 어느정도 달성했다는 뜻이다
neutral	당은 733년 신라에게 발해 공격을 요구하며 성덕왕에게 최고위 관직 문신관인 종1품 개부의동삼사와 독자적 군사권을 가진 영해군사직 을 하사하기도 하였다
neutral	당은 발해의 건국이 기정사실이 되고 요서지역에 대한 돌궐 突厥 ·거란·해 奚 등의 압력으로 요하 유역과 만주 일대에 대한 지배가 사실상 어려워지자 705년 사신을 보내 발해의 건국을 인정하였다
neutral	당이 발해 건국 초기 이를 진압하기 위해 군사적 토벌을 강행하였지만 발해에게 계속된 패배에 의해 기존의 토벌방침을 바꾸어 발해를 인정하고 국교를 수립하게 된다
neutral	대략 916년경 부터 시작하여 1년 3개월에 걸쳐 서방 투르크세력의 화골 사타 티베트세력인 트혼 그리고 북방의 몽골세력인 오고등이 거란의 세력권으로 들어오게 된 서북원정을 마무리지은 후 다음 목표인 중국으로 나아가기 위해 계획을 세우는데 여기에는 항상 발해가 근심거리였기에 먼저 발해를 정복하기로 한다
neutral	대륙사관은 반도사관에 대응하는 개념이 아니라 일제의 반도사관이 설정해 놓은 틀에 사로잡혀 사고하는 전형적인 모습으로 오히려 일제가 만든 반도사관을 재생산한다는 것이다
neutral	대조영은 초기에 신라에 사절을 보내 우호관계를 맺을 것을 희망하였고 신라는 이에 고왕에게 대아찬직을 수여하여 화답하였다
neutral	대조영은 추격해 오는 이해고 당나라군을 천문령 전투에서 크게 무찌른 뒤에 만주 동부 지방에 남아 있던 고구려 유민과 말갈인을 규합하여 698년 길림성 돈화현 敦化縣 부근의 동모산 東牟山 기슭에 진국 震國 또는 振國 을 세웠다
neutral	대한민국 사회를 일제 시기와 같은 수준의 구식민성을 갖춘 미국의 식민지로 보고 당대 혁명의 단계를 인민민주주의혁명으로 본 것이 특징이다
neutral	대한민국 사회를 일제 시기와는 다른 신식민지사회 新植民地社會 로 규정한다
neutral	데뷔 이후 총 약 350만장의 음반 판매량을 기록하며
neutral	독재식의 악법이 판을 치고 법집행자가 제멋대로 법을 운용한다면 민주주의는 물론 민주의 핵심이념인 평등도 실현될 수없다
neutral	돌궐과 일본 신라 등도 이후 발해를 자주국으로 인정하게 된다
neutral	동시에 돌궐 및 일본 등과도 친선 관계를 맺으면서 신라와 당나라를 견제하는 정책을 추진하였다
neutral	동학도들끼리는 남녀노소 빈부귀천 가리지 않고 서로를 평등하게 대우하고 하늘처럼 섬겼다 사인여천 인내천
neutral	둘째로 형식은 내용을 결정하고 내용도 형식을 규정한다
neutral	따라서 56fe은 28si에서 시작된 헬륨 융합 과정의 최종 원소로써 철 동위원소 중 가장 많이 존재하는 원소다
neutral	따라서 60fe은 태양계 초기 역사의 매우 중요한 부분을 차지한 원소다
neutral	따라서 민주주의의 실천과 완성은 이러한 인간의 평등이 현실속에서 그대로 구현되는 것을 말한다
neutral	따라서 빈부격차가 해소될때까지는 평등은 차별대우라는 의미를 띤다
neutral	따라서 인간이 평등하다는 것은 낮고 천한 신분에서 해방되고 가난에서 해방되는 것으로 빈부귀천도 약자와 강자도 없이 모두가 경제적인 평등과 지위 혹은 권력에 있어 평등하다는 것을 전제한다
neutral	때론 빈부격차가 심화되는 측면도 노정되지만 다른 여러나라들이 이미 성취해낸 상당한 경제 평등을 이룰 수없다는 것은 어불성설이다
neutral	또 다른 주장은 당시 신라가 나당전쟁의 앙금으로 당과의 국교가 일시 단절되는 상황도 이들 관계에 기여했다는 견해도 있다
neutral	또 말갈이 계속 언급 되겠지만 여기서 계속 언급될 말갈 은 다른 민족을 지칭하는 말갈이 아니라 말갈이라 불려왔던 고구려인 이기도 할수 있는 점을 생각하며 발해를 이해해야 한다
neutral	또 문화적으로도 고도의 물질적 문명을 창조해 내서 높은 문화생활을 하고 있는 민족도 있고 아직도 원시적인 상태를 크게 벗어나지 못한 종족도 있다
neutral	또 상경을 중심으로 주요 교통로를 마련하고 국내외 각지를 연결하는 대외 무역에 더 힘을 쏟았다
neutral	또 요동 지방에 대한 당의 지배가 약해진 틈을 타서 요하 유역을 기습적으로 점령하고 그곳에 목저주 木底州 ·현토주 玄兎州 를 잠시 동안 설치하여 운영하기도 하였다
neutral	또 평등을 완전평등으로 잘못 단정해서 불가능하다 하지만 인간 세상 어디에도 완전은 없다
neutral	또 형식을 기초 또는 최소주의 로 이해해서 평등의 진화 발전에서 기초단계인 기회 평등·법앞의 평등 기본복지의 보장 등의 사회 정치적인 평등을 형식적 평등으로 경제·결과의 평등을 선진국형 실질적 평등으로 구분해서 적용할 수있다
neutral	또한 가사시설이 열악했던 과거에 비해 현대의 가사는 모든 것이 간편화 간소화 되었으며 또한 여성지위가 향상되고 여성계 의 전폭적 지원과 예산 투하로 인해 여성전용 정책이 남발되는 지금 오히려 남성역차별을 호소하는 시대를 살고 있는 상황에서 과거처럼 살림을 여성이 혼자 떠맡는 가정은 거의 사라지는 추세 라는 반론이다
neutral	또한 거란의 사신이 보낸 낙타 50마리를 개경 만부교에 묶어 굶겨 죽였다
neutral	또한 문왕 역시 스스로를 고려국왕 대흠무라 자칭하였다
neutral	또한 정치적으로도 5경 京 15부 府 62주 州 의 지방제도가 완비되었다
neutral	또한 현대의 명절은 과거와 달리 시댁 측에서 사전에 명절일의 대부분을 부담하는 형태로 변모되고 있으며 시댁을 주로 방문하는 풍습 또한 사라지고 오히려 양가를 균등하게 방문하거나 처가를 우선 방문하는 가정이 기하급수적으로 늘고 있기에 언론에서 노출되는 명절증후군의 내용들은 상당수 과장 왜곡되어 있다는 지적이다
neutral	러시아혁명은 유럽에도 큰 영향을 미쳤는데 오히려 유럽이 더 정치 경제적으로 만인이 평등한 생활을 누리게 되는 계기가 되었다
neutral	만덕고등학교는 경기도 군포시 수리동에 위치한 공립 일반계 고등학교다
neutral	만약 민주주의나 민주정치에서 인간의 평등이라는 대원리는 제외한다면 민주주의와 민주정치는 붕괴한다
neutral	만약 민주주의나 민주정치에서 인간의 평등이라는 대원리를 제외해 버린다면 민주주의나 공화주의 자체가 완전히 붕괴하고 만다는 것을 깊이 새겨둘 필요가 있을 것이다
neutral	만일 유기체가 평등해진다면 그것은 죽음을 의미한다
neutral	말 그대로 사회와 인간이 평등해졌다는 것이다
neutral	멸망 전 후의 발해인에 관련된 사료는 요사나 고려사가 있는데 이들 사료에서 발해인들에 대한 기록은 대체적으로 멸망 전에 벌어졌던 정권 다툼에 패한 왕족이나 귀족들이 고려로 망명해 오거나 거란에 의한 멸망으로 대광현 등의 왕족이나 귀족이 거란에 저항하였으나 실패하여 몇 만호 단위의 발해인들이 고려에 망명했다고 기록되어있다
neutral	명절 증후군은 페미니스트들이 유포하고 확산시킨 성별 갈등전술의 일환으로써 대한민국에서 명절이 다가왔을때 주부의 가사노동만을 주로 과장한 개념이라 풀이된다
neutral	모든 것이 평등하게 획일화된다면 죽음의 사회로 환원된다
neutral	모든 사회 생활을 하는데 있어 수많은 시작점을 접할 때마다 평등 원칙은 준수돼야한다
neutral	목격자의 진술에 따르면 이날 저녁 술에서 깨어나 밖에서 담배를 사서 들어와 피우던 중 침대 위에 누워 있던 서지원이 갑자기 입술과 온몸이 파랗게 변한 채 경련을 일으켰다고 한다
neutral	무왕과 문왕대에 당 신라 일본과 외교를 수립하고 교통로를 통해 무역이 성행하였으며 8세기부터 9세기까지 동아시아의 세력균형과 안정이 이루어졌다
neutral	무왕은 일본에 보내는 국서를 통하여 고구려 옛 땅을 수복하고 부여의 유속을 이어받았다 復高麗之舊居 有夫餘遺俗 라고 주장하며 고구려 계승의식을 분명히 하였다
neutral	문예창작과정 중앙대학교 문예창작과와 연계하여 대학 강사진들이 문예창작과 관련한 수업을 주 2회 실시하고 있다
neutral	문왕 시기에도 영토 확장은 계속되어 동북 방면의 말갈을 복속시켜 그곳에 부 府 를 설치하였다
neutral	문왕은 당나라와 친선 관계를 맺으면서 당나라의 선진문물을 받아들여 내부의 국가체제를 정비하는 데 주력하였다
neutral	문헌 고증을 통해 기자조선과 마한의 연결성을 부정하고 발해에 대한 고증을 통해 발해를 우리 역사로 인식하였다
neutral	물론 기회의 평등은 학생뿐 아니라 성인에게도 적용된다
neutral	물론 선진 복지국가에 비해 경제적 평등도는 형편 없지만 정치 사회적으로 권력이 분산되고 제도 형식적으로는 평등하다
neutral	물질소유욕 명예욕 권력욕 등은 특권층의 전유물이지 평민에게는 욕망의 대상이 아니었다
neutral	민족해방민중민주주의혁명론 民族解放民衆民主主義革命論 은 1970년대 말부터 형성된 대한민국 학생운동권의 혁명이론이다
neutral	민주사회에서의 평등은 인간 위에 인간이 없고 인간 밑에 인간이 없다는 것이다
neutral	민주주의 이념에 가장 부합해서 사회 복지 헌법으로 불리는 현행헌법에서조차 평등주의는 자유에 비해 간과된 측면이 농후하다
neutral	민주주의 자체가 모든 인간의 보편적 평등을 전제로 함은 물론이고
neutral	민주화 과정은 대체로 형식 즉 제도와 법이 제대로 갖추어지면서 내용이 풍부해지고 사회와 인간이 발전해 간다
neutral	민주화 이후에도 독재로 회귀하는 사례가 그것이다
neutral	박동천은 《정치학특강》에서 헤겔이 말한 소수의 자유에서 만인의 자유 즉 모든 사람의 평등을 실현하는 시대가 도래했다고 주장한 지도 200년이 되었다
neutral	반대로 내용이 미달하거나 포화상태로 바뀌면 제 형식과 제도도 변한다
neutral	반세기에 걸친 독재정치하의 대중조작과 우민화 반공이데올로기 세뇌때문이다
neutral	발해 渤海 698년 926년 는 고구려 멸망 이후 고구려를 계승하여 대조영이 건국한 국가이다
neutral	발해 멸망에 관련된 사료는 매우 적다
neutral	발해 스스로의 인식 무왕과 문왕은 일본에 보낸 국서에서 고구려의 옛 땅을 수복하고 부여의 전통을 이어받았다 復高麗之舊居 有夫餘遺俗 고 하였으며 759년 일본에 조문사를 보내 스스로를 고려국왕이라 칭하였다
neutral	발해 유민들의 부흥 운동은 1116년까지 이어졌으나 모두 실패하였다
neutral	발해 제2대 무왕 시기 발해가 당의 등주등을 공격하면서 발해와 돌궐사이가 가까워졌지만 당과 발해 사이가 호전되고 당이 돌궐을 공격하면서 발해와의 관계도 단절되었다
neutral	발해가 멸망한 후에 1116년까지 발해의 터에 유민이 여러 나라를 재건하였으나 곧 멸망하였다
neutral	발해는 구성원으로 고구려인과 말갈인이 있었으며 이들 말갈은 고구려 전성기 때부터 고구려에 편입된 종족이며 발해 건국 후 이들은 피지배층이 되어 자신이 거주하는 촌락의 우두머리가 되어 국가 행정을 보조하였다
neutral	발해는 농경중심의 정착민을 기반으로 한 왕조라 할 수 있는 것이다
neutral	발해는 당의 문물도 수용하여 3성 三省 과 6부 六部 제도를 실시하는 한편 지방에도 경부 京府 ·주 州 ·현 縣 으로 구성된 3단계의 통치체계를 갖추었다
neutral	발해는 문왕 때부터 당나라와 친선 관계를 맺었고 신라와도 상설 교통로를 개설하여 종래의 대립 관계를 해소시키려고 노력하였다
neutral	발해는 선왕 시기에 흑수말갈을 비롯한 대부분의 말갈족을 복속시켰다
neutral	발해는 스스로를 천손 天孫 임을 자처하고 독자적인 연호를 제정하였다
neutral	발해는 일본에 사신을 보낼 때 고려국왕이라는 호칭을 쓰며 자국이 고구려를 계승한 국가임을 알렸다
neutral	발해를 마치 말갈의 왕조인 것으로 간주하는 경우도 있다
neutral	발해를 일컫는 별칭으로는 진국 고려국 高麗國 북국 北國 말갈국 靺鞨國 발해말갈 渤海靺鞨 해동성국 海東盛國 등이 있다
neutral	발해에는 현재까지 모두 15명의 국왕이 있었다고 추정되지만 13대왕 대현석과 14대왕으로 추정되는 대위해 사이 그리고 대위해와 마지막왕 대인선 사이에 단명한 왕들이 더 존재했을 가능성도 있다
neutral	발해와 신라의 관계는 국제 정세 및 신라의 대당 관계에 따라 달라졌다
neutral	발해와 흑수말갈의 관계는 발해의 발전시기에 따라 서로 다른 양상을 보이기는 하지만 발해 건국 초기에는 우호적인 관계였다가 후에는 발해에 귀속되었으며 발해 멸망 후에는 여진족으로 발전하게 된다 돌궐은 6세기 중엽부터 약2백년 동안 몽골 초원을 중심으로 활약한 민족인데 이들은 후에 동과 서로 나뉘게 되고 고구려 및 발해와 관계한 민족은 주로 동돌궐이었다
neutral	발해의 고왕은 건국 초 당에게 위협을 받는 상태에서 돌궐에 사신을 파견하는 등 당시 동아시아의 정세를 이용해 발전의 기틀을 다졌다
neutral	발해의 귀족 및 지배계층은 대다수 고구려 유민 이었다
neutral	발해의 무왕당시 발해는 당과 신라 모두에게 적대적인 관계가 형성 되었었는데 신라 성덕왕 聖德王 이 721년에 국경지대에 설치한 북경장성 北境長城 은 발해의 공격에 대비한 것이었다
neutral	발해의 문화는 고구려 당나라 말갈의 문화가 섞인 것이었으며 당나라와 요나라의 역사서에 발해가 해동성국 海東盛國 이라는 별명으로 불렸다는 점을 들어 발해가 고급 문화를 향유했음을 시사한다
neutral	발해의 수도가 상경으로 옮겨진 이후에는 농업이 급속도로 발전하고 인구도 크게 늘었다
neutral	발해의 영토는 대부분 고구려땅이었고 고구려가 멸망한 지 30년만에 건국되었다
neutral	발해의 후예임을 칭하며 존립한 대표적인 나라는 정안국 흥요국 대발해국 등이 있으며 이들은 모두 요나라와 금나라에 의해 병합되었다
neutral	방송 데뷔 3개월 만에 sbs 예능 프로그램 에서는 메인 mc를 맡았고 프로그램 내 미니 드라마 남녀공학 과 라이벌 에서 남자 주인공으로 연기도 선보였다
neutral	법적 평등을 하나의 권리로서 규정한 것을 보면 헌법 제11조는 천부적 기본인권인 평등권을 다음과 같이 밝히고 있다
neutral	법적으로 평등을 국민의 권리로서 규정한 예로 대한민국 헌법 제11조는 기본적 인권의 하나로서 평등권을 다음과 같이 말하고 있다
neutral	본래 경부고속선은 오송역을 지나지 않고 천안을 출발하여 현재의 세종특별자치시 금남면 일대를 지나 대전으로 곧장 이어질 계획이었다
neutral	본질적으로 자유와 평등은 동일한 가치로 보완관계에 놓여 있으며 헤겔이 말한 자유의 신장사도 곧 평등의 확장사다
neutral	본질적으로 자유와 평등은 동일한 선상의 가치로 보완관계에 놓여 있으며 헤겔이 말한 자유의 신장사는 곧 평등의 확장사에 다름아니다
neutral	부유한 사회 속에 있더라도 일을 하고 싶지 않아서 가난하게 생활하는 사람이 나타나는 것까지 막을 수는 없다
neutral	부자유한 상태의 평등은 원천적으로 가능하지 않기 때문이다
neutral	부패는 몸의 안과 밖이 동일한 조건으로 환원되는 현상이다
neutral	불평등한 자유는 성립할 수없고 부자유한 상태의 평등도 원천적으로 가능하지 않을뿐더러 헌법에 보장된 정치 사회 법적 권리의 평등은 바로 자유의 평등이기 때문이다
neutral	불행히도 한국은 헌법상 사상과 언론 표현의 자유가 보장되어 있음에도 악법과 굳어진 관습으로 평등주의에 대해 자유롭게 말도 못하는 사회다
neutral	뿐만 아니라 이러한 물질적 문명은 과거와 같은 소수의 왕공 王公 이나 귀족들만이 누리는 특권적인 것이 아니고 모든 인간이 다같이 누리고 즐길 수 있는 범인간적 凡人間的 이란 데에 그 특징이 있다
neutral	사람과 사회는 구조와 골격이 있고 그 위에 살이 붙고 내용을 채워 작용하게한다
neutral	사람이 우연히 양반의 자제로 태어났다고 해서 잘나고 존귀하며 또 상민이나 노예의 아들 딸로 태어났다고 해서 영원히 상놈이나 노예로서 남의 천대 받아야 한다는 것은 오늘의 시각으로 본다면 크게 잘못된 관념이라 아니할 수 없다
neutral	사회복지 수준 사회구성원의 대다수인 노동자의 지위와 권한 여성의 권리 등에 있어 일류는 커녕 거의 중후진국 수준을 맴돌고 있는 것이다
neutral	사회와 사람은 다 달라도 안되지만 다 같아도 안된다
neutral	사회적 정치적 권력과 지위는 모두가 평등하게 행사되어야 한다는 사회적 공감대가 형성돼 있는 것이다
neutral	사회주의 공산주의 사상이 나오고 1917년 러시아혁명이 성공함으로써 비로소 노동자 농민 등 약자들도 인간답게 평등하게 살수있게 되었다
neutral	삶의 목적이 하나라도 그 중간 목적 목표 은 수없이 설정되듯 인생은 죽기전까지는 끝없는 과정이다
neutral	삼국사기는 발해를 북국 北國 혹은 북쪽 오랑캐 라는 뜻의 북적 北狄 으로 표현하였으나 본기에 고조선과 발해를 누락시켜 우리역사로 인식하지 않았다
neutral	상경 용천부은 당나라 수도인 장안성 長安城 을 모방하여 정비한 도시였다
neutral	상경은 당의 장안성 長安城 을 모델로하여 외성 外城 ·내성 內城 을 두고 시가지를 바둑판같이 구획하였다
neutral	상위2 정도의 극소수의 귀족 들만 인간으로 온갖 호사를 누렸고 나머지 대부분의 평민과 노예는 전혀 인간다운 삶을 살수없었던 봉건시대에는 자유와 평등이라는 것이 아예 없었다
neutral	상호 보완적인 단일한 원리의 양가적 발현이다
neutral	서술자가 발해가 존재했던 동시대의 신라인이라는 점에서 당시 발해의 근원에 대한 신라의 인식을 짐작할 수 있다
neutral	선왕 사후 약 100여 년간에 걸친 발해 역사에 대해서는 뚜렷한 기록이 남아 있지 않다
neutral	선왕의 대외정복을 바탕으로 발해는 최대의 판도를 형성하였다
neutral	선진국에서 초교에서 대학까지 거의 완벽한 양질의 무상교육을 모든 학생들에게 실시하는 것은 출발선의 평등을 절대적으로 보장하는 것이다
neutral	선택은 자유지만 참 민주사회에서는 평등과 자유는 하나다
neutral	셋째 기회평등은 결과의 평등을 부정하지 않는다
neutral	수구꼴통 친일파 ···좌파 네티즌들 김 추기경 때리기 추태 《프리존뉴스》 김수환 친일파설에 의한 비판이 도를 넘어서자 2009년 한국의 진보 진영의 논객 진중권은 김수환을 옹호하는 글을 기고하기도 했다
neutral	시 詩 라는 형식에는 시적 내용만 짤막하게 담을 수밖에 없고 소설이라는 형식에서는 수많은 내용을 담을 수있다
neutral	시민혁명 당시의 유럽은 상위 2 정도의 귀족들이 권력과 부를 독점한 채 나머지 98 의 시민과 노예를 지배하던 무자비하고 비인간적인 사회였다
neutral	신라는 이를 명분으로 당과의 완충지대였던 패강 지역에 군사를 주둔시킬 수 있었으며 이후 신라의 영토로 인정받았다
neutral	신라는 이에 응하기는 했으나 실질적인 군사 도움을 주었는지는 미지수이다
neutral	신라시대의 학자 최치원이 신라 국왕의 청원서의 형식을 빌어 당나라 황제에게 바친 《사불허북국거상표 謝不許北國居上表 》에서 발해의 원류를 말갈이라 칭하였다
neutral	신식민지사회는 예속의 심화 에 기반한 자본주의발전을 불러오며 1980년대 시점에서 한국자본주의 정도는 그 착취성에 따라 독점자본주의단계에 이르렀다고 판단하였다
neutral	실제 질병은 아니며 명절에 빚어지는 여러가지 노동과 관련된 심리적 부담의 후유증들을 총칭하는 개념이다
neutral	실제로 부자에게 더많은 세금을 거두는 누진세나 상속세의 강화 기부제의 활성화를 통해 결과의 평등을 유도 조정하고 있다
neutral	실질적 평등과 형식적 평등은 대립적인 관계에 놓여있지 않다
neutral	심지어 평민은 사적 영역에서도 자유롭게 본능적인 욕구조차 충족시킬 수 없었을 만큼 봉건기의 모든 민중은 욕망의 자유 자체를 박탈당하고 억압당했다
neutral	아이들도 어른앞에 주눅들지 않는 것이 권력에서의 평등 평등주의이다
neutral	안막과의 사이에서 낳은 딸인 안성희도 소련에서 발레 유학을 하고 돌아와 북한에서 무용가 및 안무가로 활동했다
neutral	안정복은 동사강목에서 발해를 고구려의 유민이 세운 나라로 서술하면서도 발해를 외기 로 처리하여 본국사에서 제외하였다
neutral	애반딧불이 복원 수리산의 생태를 복원하고 학생들에게 생태교육을 실시한다는 취지아래 봄부터 사육한 반딧불이를 여름철에 수리산의 자연으로 돌려보내는 활동을 하고 있다
neutral	애초에 결과의 평등에 대립해서 급조한 말이 기회평등이긴 해도 결과와 기회는 단절될 수없고 물려있으며 기회가 결과의 반대가 아니고 비결과는 출발과 과정 조건을 포괄하는 것은 확실하니 이 기회의 평등만 보장돼도 평등은 거의 다 실현된 것이나 다름없다
neutral	야구 팬들과 기자들에게 권혁 에스밀 로저스 박정진 윤규진 송창식 등의 한화 투수들을 혹사시켰다는 비판을 받고 있다
neutral	양보해서 대통령은 아니더라도 대통령과 같은 최고의 인간다운 대우를 하라고 요구할 수있다
neutral	어느 시대 어떠한 사회에도 어느 정도 빈부의 차이는 나타난다
neutral	어떤 기회를 달라 할 때 기회는 무조건 제한될 수없다
neutral	언론소비자주권 국민캠페인 카페 개설자에게 징역 10월에 집행유예 2년 운영자에게 징역 6월에 집행유예 2년을 다른 누리꾼들에게는 벌금형 등을 선고했다
neutral	여기서 말갈에 대해 알아야 할 것은 고구려와 다른 말갈이란 흑수말갈에 국한해야 하며 발해 땅은 고구려와 다른 말갈로 채워진 것은 아니라는 점을 잘 인지하고 탐구한다면 발해는 말갈의 왕조가 아니라 언어상으로 라도 고구려를 계승한 왕조임에는 틀림없는 사실이다
neutral	여기에는 영주지역을 회복하려는 의도가 맞물려 있었으며 동북정책을 강화하려는 의도도 포함되어 있었다
neutral	역사에서 자유는 일인에서 만인의 자유로 즉 만인의 평등으로 진보해 왔다
neutral	역사에서 자유는 일인에서 소수로 다시 만인의 자유로 즉 만인의 평등으로 진보해 왔다
neutral	역사에서 평등이라는 이념은 실천될 때 성립되는 것이지 이론으로 존재하는 것이 아니기에 노예제와 신분봉건제사회에서는 원천적으로 성립할 수없었다
neutral	역사의 보편적 이치인 인간평등주의에 대한 관념을 일깨우고 마음껏 평등을 주장 설파하고 널리 세상에 확산시키는 것이다
neutral	오늘날 세계사회는 평등과 자유라는 개념자체가 없었을정도로 대단히 불행하고 비인간적인 부자유하고 불평등한 역사를 다시는 되풀이 하지않기위해 자유와 평등을 천부인권적 권리로 규정하고 헌법에 각인시켜 어떠한 이유로도 침해하거나 부정할 수없도록했다
neutral	오늘날 인간은 누구나 존엄과 권리에 있어 평등하다고 헌법에 선언되어 있고 보장되어있다
neutral	오송역 분기는 나머지 두 가지의 안에 비하여 수요와 시간 측면에서 모두 장점이 없기 때문에 반발이 심하였다
neutral	올바른 형식을 먼저 구비한후 차곡차곡 단계적으로 사회의 완성을 지향해 가는 방식이다
neutral	완성을 최종목표로 삼을 수는 있어도 실현할 수없다
neutral	요양지역을 더욱 적극 경영하기 위해 요주를 후원기지로 두지만 발해가 요주를 공격하면서 두 국간의 충돌이 피할 수 없게 되고 제일의 목표가 서방의 유목민 평정과 남방의 중국을 제지하려는 목적을 가지고 있던 거란은 그 계획을 실현해 나간다
neutral	우선 남성들의 장거리 운전 벌초 등을 비롯한 크고 작은 육체노동이나 평상시 생계부양의 전반을 부담하는 사회노동의 누적은 전혀 배재한 채 특정한 입장만을 강조하고 있어 공정성이 결여된다는 비판이다
neutral	월미산에 둘레길이 조성되고 한국전통정원 전통문화체험관 한국이민사박물관 등이 설립된 데다가 다양한 놀이동산까지 들어서면서 월미도는 인천 명소의 위상을 되찾고 있다
neutral	위에서 말하는 초기의 정치적 성격이란 당시 당 신라 등과 대립하고 있던 상황에서 일본과 우호적인 관계를 통해 그들을 견제하고자 하는 의도가 포함되어 있음을 의미한다
neutral	유기체가 이루는 사회란 단위 역시 차별된 집단이 역동적 통일성을 이룰 때 생명력이 있다
neutral	유기체는 원시 바다에서 세포 안과 밖을 차등지우는 메카니즘에 의해 생겨났다
neutral	유작이 된 서지원의 2집 앨범은 이례적으로 높은 판매고를 기록했으며 2집 《tears》의 타이틀곡인 내 눈물 모아 는 각종 음악 프로그램에서 1위를 차지했다
neutral	유치원에서 대학까지의 완벽한 무상교육과 평생 무상의료를 보장하는 것으로 충분하다
neutral	을 운행하는 열차는 8왕복이 대전역과 제천역을 2왕복은 동대구역과 영주역을 남은 1왕복은 서울역과 제천역을 각각 기점으로 운행되며 경부고속선을 운행하는 열차는 대부분 서울역 수서역 용산역을 기점으로 운행되며 일부는 행신역 기점으로 운행된다
neutral	의무 를 대비하여 작전중인 전투경찰순경 전투경찰순경 戰鬪警察巡警 은 작전전투경찰순경 작전전경
neutral	이 10 남짓의 기득권자는 소수에 불과하지만 대다수를 지배 장악한 탓에 언론 종교 교육 등 모든 수단을 동원하여 이데올로기 공세를 펼쳐 대중들이 올바른 사상과 양식을 갖지 못하도록 세뇌하고 사실을 왜곡해서 여론을 조작한다
neutral	이 날 서지원은 2집과 팬들의 반응에 대한 걱정 연말의 떠들썩한 분위기 속에서 혼자 있는 것에 대한 불안감 별거 중인 부모님에 대한 아픈 마음을 털어놓기도 했다
neutral	이 시기에 당은 먼저 사신을 파견하여 대조영을 회유함으로써 발해의 토벌을 공식적으로 철회하고 그 결과 대조영은 왕자를 당에 파견하였고 당은 대조영을 책봉함으로써 국교를 수립하였다
neutral	이 외에도 여러 방송사의 프로그램에서 고정 진행을 맡았으며 가수로서 노래 외에도 아니라 작사 작곡 모델 mc 연기 등 다방면으로 활약했다
neutral	이 전투로 신라와 발해의 관계는 애초보다 더욱 소원해졌다
neutral	이 점은 발해제국이 고구려를 계승하였고 고구려인 들이 주체가 되어 만들어진 나라임을 나타낸다
neutral	이 중에서 정혜공주묘는 굴식 돌방무덤으로 모줄임 천장구조가 고구려 고분과 닮았다
neutral	이 틈을 타서 고구려 장군 출신인 걸걸중상 대중상 과 그의 아들 대조영은 고구려 유민·말갈인과 함께 영주를 빠져나와 전쟁의 피해를 거의 받지 않았던 만주 동부 지역으로 이동하였다
neutral	이것은 세계인권선언에도 그대로 새겨져있고 인간은 존엄과 자유 권리에 있어 평등하다고 분명히 각인돼 있다
neutral	이것은 자본주의 경제체제가 형성됨에 따라 나타난 현실이었다
neutral	이념이 아닌 평등 개념은 같으면서 다름이다
neutral	이는 경제적 생활의 격심한 불평등 속에서 인격의 평등을 부르짖는다는 것은 무한한 용기와 조건의 뒷받침이 있어야 함을 시사한다
neutral	이는 발해사가 가져간 모피가 일본사회에 미친 영향이 자뭇 컸다는 것을 의미한다
neutral	이동 도중 걸걸중상이 죽으면서 그가 이끌던 무리를 대조영이 이어 받았다
neutral	이들 나라는 국민소득이 1만불도 안되었을때 이를 실현했는데 한국의 사회보장은 2만불 시대에 접어들었지만 아직 유럽의 절반에도 못따라가고 있는 실정이다
neutral	이들은 4세기 후반에서 10세기 중반 경에 이르기까지 중국 왕조와 고구려 발해 이 3대 세력의 중간에서 끊임없이 공격과 위협으로 존망의 위기를 맞기도 하였다
neutral	이들은 계급모순보다 민족모순을 더 우위에 두며 이에 따라 반제투쟁에서 노동계급의 주도성을 부정하고 민족부르주아와 소부르주아의 역할을 상대적으로 중시하였다
neutral	이때 사신과 더불어 상인들이 동행하여 무역하였다 문왕 때 학문 연구 기관인 주자감을 세웠으며 관리들이 학습시킬 수 있게 서적원이라는 기관을 만들었다
neutral	이때 신라는 당나라의 지원 요청을 받아들여 발해에 출병하였으나 겨울에 공격하여 진격에 어려움을 겪었다
neutral	이때문에 정백은 공산주의자들 사이에서 사회주의 운동 노선을 포기한 유휴분자 라고 비난했다고 한다
neutral	이러한 농업 위주의 사회에는 생산력에 있어서나 생산수단에 있어 그리 큰 변화가 있을 수 없고 따라서 인간의 생활도 비교적 간단하고 검소하며 또 물질적인 생활이 인생에 대해서 지니는 비중도 그다지 큰 것이 아니었다
neutral	이러한 와중에 732년 가을 거란족이 사신을 보내와 함께 당나라를 칠 것을 제안하자 그해 9월 발해는 장군 장문휴 張文休 에게 수군을 이끌게 하여 산둥 山東 의 등주 登州 를 급습하여 순식간에 점령 자사 위준을 죽였다
neutral	이런 국제정세를 기회삼아 거란의 야율아보기 는 907년에 최초의 거란족 왕조 거란조를 세운다
neutral	이런 당위와 원칙을 지금 인정하느냐가 문제다
neutral	이런 차등을 유지시키는 에너지의 생산력을 생명이라고 부른다
neutral	이렇게 거의 절대에 가까운 평등권을 누구든지 가지고 있는 데 이를 무시하고 기계적으로 기회의 평등을 겨우 출발 상대 비례적 평등으로 축소 왜곡해서 해석 적용하는 것은 헌법을 위반하는 것이 아닐 수없다
neutral	이렇게 헌법의 평등이념을 정면으로 부정하고 민주주의를 배척 파괴하는 시대착오적 극우보수의 주장과 논리를 수긍할 이유는 어디에도 없다
neutral	이렇듯 평등은 자유와 함께 헌법에 철저히 보장되어 있는 거의 절대적인 권리로써 누구든지 인정하지 않을 수 없다
neutral	이로 인하여 오랫동안 높이 인정받지 못했으나 남송의 주자가《맹자》를 사서의 하나로 인정하고 주석한 후에 십삼경의 하나로 인정받았다
neutral	이를 넓게 해석하면 누구나 존엄자 즉 대통령처럼 높은 대우를 평등하게 받고 자유를 누릴 수 있다는 뜻이 된다
neutral	이를 통해 지구에 존재하는 60ni의 대부분은 60fe이 베타 붕괴를 통해 형성된 원소며 60fe은 거대한 항성의 최후 과정에서 나타난 초신성 폭발의 r 과정을 통해 형성되었다는 것을 알 수 있다
neutral	이미 유럽에서 68혁명때 모든 개개인은 대통령이다라는 언명이 나왔었다
neutral	이승휴의 제왕운기는 발해를 고구려 장수 대조영이 건국하였다고 서술하였다
neutral	이에 대하여 노선이 원안과는 달리 동측으로 크게 우회하게 되어 선로의 곡선반경이 늘어나고 열차의 소요 시간이 증가하였다는 비판이 있다
neutral	이에 대해 민주당 최문순 의원은 보수신문 집중 기조가 나타나고 있다며 국민세금이 사실상 청와대가 지목한 언론에 집중적으로 몰리고 있는 상황은 국민들의 뜻을 왜곡하고 언론자유 침해로 볼 수 있다고 주장했다
neutral	이와 함께 조중동과는 대조적인 성향의 경향 한겨레 등 타 신문사의 자발적 구독자 수는 보도에 따르면 4월에 비해 5월에 5 10배 증가하는 효과가 있었다
neutral	이익은 중국 중심의 역사관에서 벗어나 우리 역사를 체계화할 것을 주장하였으며 고조선 삼한 발해에 대한 실증적인 사관을 취하였다
neutral	이처럼 당의 등거리 외교에 이용된 신라와의 관계는 점차 발해와 신라 양국간의 대립적인 관계로 변질되어 갔고 양 국간의 무역이나 교류에도 불구하고 상호 이질적인 존재로 여기게 되었다
neutral	이후 그가 친일파라는 근거없는 음해성 자료가 인터넷을 돌아다니기 시작했다
neutral	이후 무왕이 왕위에 올랐고 당과의 친선관계를 맺은 흑수말갈의 토벌을 위해 공격하려 하자 그의 동생 대문예는 당과의 전쟁을 걱정하여 토벌에 반대하게 되고 그 결과 대문예가 당에 망명하게 되는데 무왕이 당에 대문예의 송환을 요구하자 거절하니 결국 군사적 충돌로 이어지게 된다
neutral	이후 조선전기의 학자들은 발해를 정통 우리 역사로 인식하지 않고 말갈 역사의 일부로 취급하거나 신라의 이웃나라 정도로만 언급하거나 혹은 성리학적 사관에 입각하여 아예 언급조차 하지 않는 등 역사서에서 그 비중을 축소시켰다
neutral	이후 충렬왕 때의 승려 일연이 지은 삼국유사는 발해의 시조를 무소속으로 서술하였고
neutral	이후에 편찬되는 서거정의 동국통감 박상의 동국사략 오운의 동사찬요 조정의 동사보유 등이 비슷한 사관을 취하고 있다
neutral	이후에는 고구려에 대하여 종속과 비종속적 관계를 계속 이어왔으며 640년대 전반부터 종주국인 당나라를 대리하여 고구려 공격의 최선봉으로 활약하였다
neutral	이후의 정치적 혼란기를 거쳐 9세기 중엽 선왕 宣王 대에 이르러 요동을 점령하고 동북쪽으로 영역을 확장하여 최대의 판도를 이루었고 5경 15부 62주의 지방제도를 정비하여 최전성기를 구가하였다
neutral	인간답게 산다는 것은 누구든지 최고의 부자나 최소한의 가난한 삶을 면하게 한다는 것이 아니라 전문과 10 11 119조 등에 균등한 생활 경제적 차별금지 적정한 소득을 보장한다고 나와있듯 누구나 평균적 평등한 경제·사회생활을 보장한다는 뜻이다
neutral	인간도 삶의 방식이나 여러 존재 조건들이 다를 수있기에 개성과 자율성은 최대한 존중해서 다원성을 보장하되 정치 경제 사회적 권리 등에 있어서는 절대 평등하다는 것이다
neutral	인간은 공생하는 사회적 동물로 한 배를 탄 운명공동체다
neutral	인간은 권력과 부 富 에 있어 평등하다는 것이 바로 평등 주의 의 실체고 요체다
neutral	인간은 누구나 법적인 권리와 법이상의 존엄한 인권을 평등하게 가지고 있다고 헌법과 세계인권선언에 수많은 조항에 걸쳐 수십번 강조해서 명문화되어 있다 헌법전문 10조 11조 34조 등은 물론 모든 기본권 조항이 평등의 보장일 정도로 모든 인간은 평등하게 존엄해서 존중받을 권리가 있고 행복할 권리가 있고 인간답게 살 권리가 있고 모든 법앞에 평등해서 정치 경제 사회적으로 어떤 차별도 받지 않을 평등권이 있다고 돼있다
neutral	인간은 누구나 인간답게 살 권리가 있다 34조 함은 인간의 평등한 삶을 보장하는 핵심적인 평등선언이다
neutral	인간은 크게 두가지 욕망을 평등하게 가지고 있다
neutral	인간의 평등은 사회적 조건이 구비되었을 때 실현가능하다
neutral	인간이 평등하다는 것은 인간이 다 같은 인간이라는 점에서 아무런 구별이나 차별이 있어서는 안 된다는 의미이다
neutral	인류는 주로 농업을 주된 산업으로 생활하는 삶이 동서양을 막론하고 수천 년간 지속되었다
neutral	인생에서 출발은 한번만 있는 것이 아니고 그래서도 안된다
neutral	인생을 마라톤에 비유할때 중도탈락자는 물론 꼴찌와 1등 사이에도 엄청난 차이가 있다
neutral	일거리가 얼마든지 있고 일만 하면 잘살 수 있는데도 불구하고 일을 하지 않아 가난하다고 한다면 그 때에는 그 가난의 책임은 일을 하지 않은 개인에게 돌릴 수가 있었다
neutral	일반인은 평등의 이념에 대한 관념 자체가 없고 학술적으로도 평등주의라는 개념자체를 사용하지 않는다
neutral	일반적으로 형식 은 겉모양으로 파악되어 부정적인 뉘앙스를 풍기지만 철학과 사회과학에서의 형식은 중요한 의미와 관계를 가진다
neutral	일본 역시 발해를 고구려 계승 국가로 인정하며 견발해사를 파견하였다
neutral	일본과 발해는 발해 멸망 직전까지 이러한 우호적 관계를 수립했으며 이는 발해의 균형 외교책이 거둔 실리이기도 했다 사실 거란은 한국사상에서 관계사의 빈도나 영향력의 강도를 볼때 중국 일본 말갈 다음으로 관계가 깊었다고 볼 수 있다
neutral	일본조차 1억인구가 총중산층이라는 말이 있을정도로 여전히 복지제도가 완비된 평등한 사회다
neutral	일부 누리꾼들은 이들 신문사에 광고를 게재하는 광고주를 상대로 광고를 철수할 것을 주장하는 광고중단운동을 벌였다
neutral	일부 학자는 비슷한 시기에 분화한 백두산의 화산 폭발이 발해의 멸망 원인으로 주장되었지만 명확하게 입증되지 못하였다
neutral	일부 학자들은 발해 귀족들의 지도층 내분을 발해 멸망의 원인으로 꼽는다
neutral	자본주의 구조라는 형식에는 자본주의적 형태에 걸맞는 삶과 내용이 채워질 것이고 이와달리 사회주의적 제도 형식 에서는 사회주의적 문화와 삶이 구현된다
neutral	자연계에 존재하는 안정적인 철 동위 원소로는 54fe 56fe 57fe 58fe가 존재한다
neutral	자유 없는 평등은 없고 평등하게 보장되지 않고 소수에게만 독점되는 자유도 가짜다
neutral	자유 와 민주 가 자유주의와 민주주의라는 이념을 내포하듯 평등 이라는 개념도 평등주의를 포괄한다
neutral	자유 자유주의 하면 소유의 자유 경제활동의 자유 정치적 자유 등 자동적으로 연상되는 구체적 내용이 있지만 평등주의를 말하면 떠오르는 이미지조차 없는 것이다
neutral	자유는 헌법에서 권리라는 이름으로 인간의 존엄권 행복권 인간답게 살권리 등 30여항목에 걸쳐 보장되어 있는데 이는 모든 핵심적 자유권이 모두에게 동시에 적용되는 평등권이라는 뜻이다
neutral	자유와 평등은 하나이지 대립되는 개념이 결코 아니다
neutral	작품 및 화풍 한국 화가로는 드문 북종화 계통의 화가로서 채화 彩畵 를 통하여 한국의 풍속화를 새로운 경지로 끌어갔으며 중국 명대 明代 의 구영 仇英 이나 일본의 우키요에 浮世繪 와도 비견할 사녀도 仕女圖 형식의 한국적 화풍을 수립한 화가로 평가된다
neutral	작품으로 〈향로 香爐 〉 등이 있다
neutral	작품으로는 〈영산춤〉 〈에헤라 노아라〉 〈달밤의 곡〉 〈반야월성곡〉 〈우조춤〉 〈칼춤〉 〈보살춤〉 〈초립동〉 〈고구려 무희〉 〈광상곡〉 〈가면의 춤〉 〈승무〉 〈인도인의 비애〉 〈해방을 구하는 사람들〉 〈방랑인의 설움〉 〈봉산탈춤〉 〈유격대의 아들〉 등이 있고 북한에서 쓴 저서로 《조선민족무용기본》 《조선아동무용기본》이 있다
neutral	장발 張勃 1901년 4월 3일 2001년 4월 8일 은 한국의 미술인이며 서양화가이다
neutral	전국시대에 유세를 하기 위해 군주와의 대화나 상대 학파의 사상가와의 논쟁에서 《논어》에 비해 많은 비유와 변론법을 사용학 있다
neutral	절대자유와 완전평등이 아닌 가능한 한 그리고 불완전한 평등과 자유가 있을 뿐이다
neutral	정백 鄭栢 1950년 은 일제 강점기의 사회주의 운동가로 광복후 서울에서 결성된 장안파 조선공산당의 지도자였다
neutral	정약용의 아방강역고는 국경과 영토의 변천과정을 고증한 역사지리지이다
neutral	정재형이 작곡한 2집 앨범 타이틀곡인 는 kbs mbc sbs 등 방송 3사 가요 프로그램에서 1위를 차지하며 데뷔 첫 1위를 하게되었다
neutral	정치권력 power 은 당연히 모든 인간이 주권 력 자로 평등하니 말할 것도 없이 균점돼 있고 직장에서 가정에서 권력과 권위주의가 통용되지 않는다
neutral	제2항 그리고 사회적 특수계급의 제도는 인정되지 아니하며 어떠한 형태로도 이를 창설할 수 없다
neutral	제3항 훈장 등의 영전은 이를 받은 자에게만 효력이 있고 어떠한 특권도 이에 따르지 아니한다
neutral	젝스키스 는 대한민국의 6인조 보이 밴드이다
neutral	젝스키스는 1997년 4월 15일에 kmtv《쇼 뮤직 탱크》에서 학원 별곡 으로 데뷔하였으며 1집에서 학원 별곡 연정 폼생 폼사 기억해 줄래 등을 히트 시켰다
neutral	조선 중기와 후기에는 발해를 우리 역사의 일부로 인식하는 역사책과 지리지 등이 편찬되었다
neutral	조일명 趙一明 1903년 12월 1일 1953년 은 조선민주주의인민공화국의 정치인이다
neutral	조중동을 읽지 말자 는 주장은 예전부터 일부에서 있었으나 2008년 한미 쇠고기 협상에 관한 논란이 지속되는 가운데 이들이 협상에 대해서는 긍정적이고 촛불 집회에는 부정적인 보도를 하면서 구독 거부 운동이 크게 확산되었다
neutral	존엄은 높디 높고 엄하다는 것으로 단지 비천하지 않다가 아니라 대통령과 같다라는 의미로도 해석할 수있는 무한대의 말이다
neutral	중앙문화 〈1984년 10월 불문과 일문과 폐과사태〉 1984년 10월 8일 불문과와 일문과에 대한 폐과조치에 항의하여 학생 2백여명과 학부모 90여명은 총장실을 점거하고 철야농성을 벌였다
neutral	지구에 많이 존재하는 원소인 60ni은 60fe이 베타 붕괴를 통해 형성된 원소다
neutral	지금 선진국을 지향하는 것도 결국 다같이 평등하게 잘살자는 것이다
neutral	지금 한국에서 요구되는 것은 당장 선진국처럼 평등사회를 이루는 것이 아니다
neutral	지난 반세기 동안의 독재체제는 사상의 자유을 극도로 억압 통제했고 아직도 악법으로 온전한 사상의 자유가 보장되지 않고있다
neutral	진국 震國 이라는 이름으로 건국하였다가 713년 발해 渤海 로 국명을 변경하였다
neutral	처음 인간의 평등이라는 원리가 나오게 된 역사적 배경을 살펴보면 어떻게 인간 평등이 근대사회 발전의 근본이념으로 자리 잡았는가를 알 수 있다
neutral	첫째 기회 균등 equality 은 기본적으로 출발선 상에서의 평등이다
neutral	첫째 형식 form 은 외양을 의미하지 않고 사물과 현상의 구조와 뼈대를 뜻한다
neutral	초기 거란을 세운후 903년 봄 여진을 정벌하여 3백호를 잡아 데려왔고 이어 해습 동북여진을 토벌하였으며 908년 10월에는 진동해구에 성을 쌓아 교통로를 차단하고 909년 정월에는 요동으로 915년에는 압록강까지 나아갔다
neutral	초기의 발해와 일본과의 관계는 신라를 견제하기 위한 정치적인 성격이 강했으나 후에는 문화적 교류와 상업 일본도 를 통해 이 발달하였다
neutral	총 47회에 이르는 교류는 양국간에 긴밀한 관계가 있었음을 보여주는 좋은 증거이다
neutral	총 7편 14장구로 이루어져 있으며 《사기》〈맹장ㄹ전〉에는 7편 《한서》〈예문지〉에는 11편이라 기록되어 있다
neutral	최고권력 앞에서도 평등한 인간이 직장의 장이나 학교의 장 집안의 가장앞에서 당당하지 않을 이유가 없다
neutral	최근 러시아의 연해주에선 발해의 것으로 추정되는 성터가 발굴되면서 연해주가 발해에 속해있었음을 증명 되었다
neutral	최대한 해소하는 것으로 유럽의 대부분의 나라는 이미 성취해냈다
neutral	최린 崔麟 1878년 1월 25일 1958년 12월 은 일제 강점기의 독립운동가이다
neutral	춘추시대에 저술된《논어》와는 달리 이미 주 왕실이 완전히 쇠퇴하여 그 권위를 망실하고 전국 7웅이 횡행하여 패권을 다투던 시기에 저술된 책이기 때문에 《논어》와는 약간의 차이를 보인다
neutral	출발에도 여러단계와 차원이 있는데 대체로 성인이 된후 사회에 진출하기 전까지를 중시한다
neutral	출발의 조건을 같게 하자는 것이 기회의 평등을 주창하는 사람들의 가장 큰 원칙이고 더 나아가서는 과정의 평등까지 포함하기도 한다
neutral	카시오페아는 동방신기의 첫 콘서트를 통해 서울 잠실 주 경기장의 최대 입장 수와 2006년 대한민국 공연 티켓 판매율에 1위를 기록시키고 2007년 두번째 콘서트 티켓 예매에는 무려 30만명의 팬이 예매 시도를 하기도 했다
neutral	탈락자를 다시 일으켜 패자부활전에 나갈 기회를 주어야하고 꼴찌에게도 완주했다는 것으로 충분한 대우를 해 주어야한다
neutral	태조 왕건은 발해를 멸망시킨 거란을 멸시하고 배척하였으며 발해의 유이민을 대거 수용하였다
neutral	특히 고왕이 건국 전 후로 하여금 돌궐에 사신을 파견한것은 돌궐과의 관계는 매우 의미있는 것으로 추측된다
neutral	특히 모든 매스컴과 온라인 포털 등지에서는 주부들만이 겪고 있는 명절증후군 에 관한 기사나 뉴스 방송 프로들을 끊이지 않고 과잉 노출시키고 있어 남성의 고충은 전혀 외면한 채 여성의 입장만을 부각시킨 편파적 집행이라는 것이다 이것이 오히려 명절 이혼을 부추기고 남녀갈등을 계속 확대 재생산시킨다는 분석이다
neutral	특히 신라시대의 골품제도는 출생에 따라 인간을 선천적으로 차별화한 예이다
neutral	평등 平等 은 인간의 존엄 권리 인격 가치 행복의 보장 등에 있어 차별이 없이 같은 상태를 말한다
neutral	평등 平等 은 인간의 존엄 권리 인격 가치 행복의 추구 등에 있어 차별이 없이 같은 상태를 말한다
neutral	평등 平等 은 인간의 존엄성 권리 인격 가치 행복의 추구 등에 있어 차별이 없는 상태를 말한다
neutral	평등 주의 는 200여년전 프랑스혁명과 함께 처음으로 등장한 정치이념이었다
neutral	평등과 자유사상의 발원은 멀리 고대그리스의 자연철학으로 올라가지만 본격적인 논의와 구현은 계몽기를 통과하고 프랑스혁명을 달성하면서부터라는 것이 학계의 통설이다
neutral	평등도 민주주의의 본질이념이자 원리로써 형식과 내용 실질 이 있으며 민주주의와 똑같이 형식적 단계를 거친후에 그 내용이 채워지고 구현되는 방식으로 작용한다
neutral	평등에 대한 곡해와 오용은 자못 심각하다
neutral	평등은 다양한 의미를 내포하고 있어 사용하는 사람의 사상과 철학에 따라 중층적 의미를 띤다
neutral	평등은 인간의 존엄한 인권의 평등이지 인간의 모든 것의 같음을 뜻하지는 않고 부정적인 획일성 전체주의 기계적 평등이니 하는 나쁜 의미로 쓰는 것도 옳지않다
neutral	평등을 실질적으로 보장할 법과 시스템이 갖춰지고 이를 적용하고 집행하는 기관이 똑바로 서있어야한다
neutral	평등의 원리를 실현하기 위해서 정치제도로서는 민주정치가 발달했고 인간의 생활원리나 방식으로서는 민주주의가 발전해 왔다
neutral	평등이 그렇듯 기회평등도 본질적으로 배려와 사랑이라는 숭고한 인권존중의 가치가 전제되어있는 것이다
neutral	평등이 민주주의 핵심원리라는 것은 너무도 자명하다
neutral	평등이념의 맹아는 멀리 올라가지만 평등의 실질적 구현은 18세기 시민혁명의 성공에서 비록됐으니 200여년의 역사를 지닌 뿌리깊은 사상이다
neutral	평등이란 개념은 사람들로 하여금 많은 편견과 오해를 불러일으키므로 사회정의 social justice 와 같은 개념으로 바꾸어 이해하여야 한다
neutral	평등한 사회이면 인간다운 세상이고 그렇지 않고 불평등하면 짐승의 세계에서 사는 것과 다를 바 없다는 것이 역사의 확고한 언명이고 판단이다
neutral	포장이 형식이고 알맹이가 내용인 것이 아니라 알맹이의 본질이 형식인 것이다
neutral	프랑스혁명은 이런 야만을 뒤엎고 완전히 새로운 사회 즉 만인이 평등한 참 인간의 시대를 최초로 열었다
neutral	피부색이 다른가 하면 키가 크거나 매우 작은 인종도 있다
neutral	하나의 예로 첫번재 사절단이었다고 기록되어 있는 고재덕 일행은 담비가죽 300장을 비롯한 교역물품을 가져갔는데 이에 대해 일본은 비단수건10필 거친명주 20필 명주실100구 면 200돈을 답례품으로 주었다고 되어있다
neutral	하지만 8세기 이후 당 중심의 동아시아 국제질서에서 당은 발해에 우호적이지 않았다
neutral	하지만 유럽선진국들의 복지사회의 실현은 결과의 평등도 상당부분 이미 이루어냈다는 점에서 간과할 일이 결코 아니다
neutral	하지만 정백은 비밀리에 스탈린당 이라는 공산주의 운동 단체를 결성하는 등 나름대로 공산주의 활동하려 애쓰고 있었다
neutral	하지만 초기에도 꼭 정치적인 외교로만 일괄된 것이 아니라 경제 및 문화 교류의 역할도 수행하고 있었으며 발해의 필요에 의해서만이 아니라 일본의 필요성 역시 개입되어있다는 사실이 사료를 통해 드러난다
neutral	하층 촌락민 들이 고구려나 말갈사회의 생활모습을 오래도록 유지할 수 있었던 계기는 고구려인 의 농축산 정착구조의 생활 때문이었다
neutral	학술적으로는 마오쩌둥 사상과 주체사상에 영향을 받았다
neutral	한 사회의 규범과 비전을 설정한 헌법에는 자유와 평등이 양립하는 동일한 가치임을 천명해 놓고 있다
neutral	한국 현실에서는 출발의 평등 즉 교육의 평등이 이루어지지 않고 있다
neutral	한국에서도 양반과 상민·노비로 갈려 소수의 양반층이 민중을 가혹하게 억압 착취하던 야만시대를 동학사상의 대두로 혁명이 발발하여 세상이 뒤바뀌기 시작했다
neutral	한국은 정치사상 보수일색 과 대중문화 저속성 의 획일성처럼 어느면에서는 너무 똑같아서 문제고 한편에서는 빈부격차처럼 불평등이 심해 큰 문제다
neutral	한국은 조선 후기 유득공을 이라로 발해의 건국으로 신라 남국 와 발해 북국 가 공존한 시대를 남북국 시대로 칭한다
neutral	한국의 경우에도 양반과 평민 平民 노비 천예 賤隸 의 구별이 있어서 이러한 계급적 차별은 매우 심했다
neutral	한국이 다년간 사회유지에 가장 치명적인 자살율과 이혼율이 세계1위인 것은 경제적으로 불평등하고 사회적으로 권력과 지위에 있어 불평등하기 때문이 아니고 무엇인가 ㅡ 인간이 평등하다 함은 빈부귀천도 강자와 약자도 없다는 것으로 경제력과 사회적 권력에 있어 평등하다는 것이다
neutral	한국전쟁의 판도를 뒤바꾼 인천상륙작전 당시에는 미군에게서 네이팜탄 폭격을 당하고 인천으로 가는 길을 터 주게 되었다
neutral	한때 발해에 귀속되기도 했지만 기본적으로 독립을 추구하였다
neutral	한백겸의 동국지리지는 발해를 신라의 부속된 역사가 아니라 고구려에 부속된 역사로 인식하여 고구려 역사 뒤에 덧붙여 서술하였다
neutral	한치윤의 해동역사는 발해를 고구려의 속국이 아닌 독립된 나라로 인식하였다
neutral	한편 국민은 인간으로서 인간된 대우를 받고 또 참된 인간으로서 알차고 보람있는 삶을 누려야 하며 이러한 삶을 누리기 위한 여러 가지 여건의 조성이나 조건의 충족을 국가에 요구할 수 있다
neutral	한편 대륙사관이 주요 반박의 대상으로 삼는 소위 반도사관은 일제가 만들어낸 반도사관과 전혀 다른 개념이라는 점이 지적된다
neutral	한편 문왕의 말년에 수도를 일시적으로 동경 용원부 東京龍原府 로 천도하였으나 5대 성왕 成王 때 다시 상경 용천부로 천도하였다
neutral	한편 시민의식의 내용과 시민의 정치문화가 성숙 강고해져서 여러 변혁적 방법으로 정치사회에 영향력을 발휘하면 다시 형식 국가제도는 재구성되고 더 민주적으로 보강될 수있다
neutral	한편 신라는 발해가 자국의 영토를 침입하지 않을까 우려하기도 했다
neutral	한편 요서의 마도산 馬都山 에서 대문예가 이끄는 당나라 군과 격돌하였다
neutral	한편 형식적 평등과 실질적 평등이 불가분의 보완관계듯 절대 평등과 상대 평등도 대립이 아닌 보완관계적 성격이 짙은만큼 이를 기계적으로 형식과 절대 실질과 상대로 서로 연관 대입시키는 것은 바람직하지 않다하겠다
neutral	항성의 핵융합 과정 즉 규소 연소 과정에서 28si에서 여러 차례 헬륨 융합 과정을 통해 최종적으로 56fe을 형성한다
neutral	항일과 친일 논란 1919년 3·1 운동에 참가했다가 체포된 적도 있으나 1920년대 후반 일본에 유학하여 일본식 채색화 기법을 익히면서 친일본적인 모습을 보이기 시작했다
neutral	해동성국이라 불리던 발해가 거란족의 침입으로 인해 제대로 저항도 하지 못한채 순식간에 무녀저 버리게 된 것이다
neutral	해방 후 1949년 국전 추천작가 1955년에서 57년에는 제4 5 6회 국전 심사위원이 되었다
neutral	핵융합의 26al에서 시작하여 30p과정에서 헬륨 융합 과정을 통해 54co가 최종적으로 생성되므로 대부분의 58fe는 초신성 폭발때의 중성자 포획 과정인 r 과정을 통해 생성됩니다
neutral	헌법상의 평등권은 기본적인 인권의 하나일 뿐 아니라 평등의 원리는 민주주의 그 자체를 지탱하고 있는 기둥이다
neutral	헌법에 의거해 평등 자유라는 인식이 보편화된다면 불필요한 사회적 분쟁과 극심한 갈등은 사라지고 진정한 선진사회가 이룩되지 않을까 라고 강조했다
neutral	헌법에 의거해 평등 자유라는 인식이 보편화된다면 불필요한 사회적 분쟁과 극심한 갈등은 사라지고 진정한 선진사회가 이룩되지 않을까 인간의 평등은 사회적 조건이 구비되었을 때 실현가능하다
neutral	헌법에는 누구든지 생활의 균등한 향상 즉 경제와 문화생활의 상향식 평등을 보장받을 권리가 있다는 것이다
neutral	헌법에서 누구나 평등하게 인간답게 살권리가 있다 34조 고 한 것도 인간은 권력과 권리 및 경제적으로 평등해야 한다는 것에 다름아니다
neutral	헌법은 인간의 평등과 자유 권 의 보장에 대해 무려 30여 조항에 걸쳐 매우 구체적이고 실증적으로 강조하고 있을 뿐만 아니라 그외 전 조항도 인간의 자유와 평등을 실현하기 위한 것임은 자명하다
neutral	헌법의 이념과 가치는 세계인권선언을 토대로 한 것으로 사회가 지향해야 할 최고 지표인 동시에 누구나 반드시 인정하고 지키지 않으면 안되는 강제규범이다
neutral	헤겔이 말한 소수의 자유에서 만인의 자유 즉 모든 사람의 평등을 실현하는 시대가 도래했다고 주장한 지도 200년이 되었다
neutral	현대국가는 각종의 사회보장제도를 확립하여 이의 충실에 크게 주력하고 있는데 선진국으로 이름난 서구의 국가 중에는 사회보장제도가 매우 완벽하게 시행되고 있어서 경제적 또는 사회적으로 인간의 불평등한 상태는 대부분 제거되고 있다
neutral	현대국가는 국가가 모든 국민들의 최저생활을 확보해 줄 책임을 가지고 있으며 현대국가를 사회복지국가 또는 사회시설국가라고 하는 이유도 여기에 있다
neutral	현대국가는 국가가 모든 국민들의 최저생활을 확보해 줄 책임을 지고 있으며 현대국가를 사회복지국가 또는 복지사회라고 하는 이유도 여기에 있는 것이다
neutral	현실이 이를 따르지 않는 것은 문제다
neutral	현재는 1학년 15개 학급 2학년 14개 학급 3학년 16개 학급으로 총 45개 학급 1627명의 재학생이 있으며 교직원은 총 92명의 학교이다
neutral	현존하는 역사서 중 발해를 최초로 언급한 우리 나라의 역사서는 김부식의 삼국사기이다
neutral	형식적으로나 내용적으로 어느정도 평등이 함께 구현될때 명실공히 평등사회라 할 수있을 것이다
neutral	호남고속선이 분기하는 역은 시간을 단축할 수 있는 천안아산역 분기안이나 가장 많은 수요를 충족시킬 수 있는 대전역 분기안과 함께 오송역 분기안의 3개 계획이 존재하였는데 2005년 6월 분기역은 오송역으로 확정되었다
neutral	환단고기에서는 11대 왕인 대이진이 장왕 또는 화왕으로 기록되어있다
neutral	후에 북조선에서 간첩 혐의로 사형당한 뒤에도 리승엽과 함께 일제 때부터 전향했던 대표적인 변절자로 비난받았다
neutral	흑수말갈은 헤이릉강 중하류 일대에 분포되어 거주하다 당나라 때 이르기까지 그 세력을 확장하였다
neutral	흔히 기회평등은 결과 평등의 반대라고 생각하는 데 결코 그렇지는 않다
neutral	힘없는 약자와 가난한 빈민을 위한 사상이었다